"greek","latin","valid"
"αἰγίς","procella",1
"αἰγοπρόσωπος","hircinus",1
"αἰγοπρόσωπος","hirculus",1
"αἰθάλωσις","fuligineus",1
"αἰτίαμα","insimulatio",1
"αὐτοδάξ","mordicus",1
"αὐτοκράτωρ","plenus",0
"αὐτοκύλιστος","circumglobatus",1
"αὐτοπαθής","offensator",0
"αὐτόφλοιος","corticatus",1
"αὐτόφλοιος","illatro",0
"βάδην","gradalis",1
"βάδην","priuignus",0
"βάδην","uitricus",0
"βάζω","alloquor",1
"βάζω","profor",1
"βάζω","quattuoruiralis",0
"βάλλις","androsaces",1
"βάλλις","lysimachia",1
"βάλλις","mitto",0
"βάλλις","nemo",0
"βάλλις","neptunia",1
"βάλλις","pereo",0
"βάλλις","prochos",1
"βάλλω","carcer",0
"βάλλω","eiecto",1
"βάλλω","iacio",1
"βάλλω","ignis",0
"βάλλω","mitto",1
"βάλλω","supo",1
"βάραθρον","fouea",1
"βάραθρον","perditio",1
"βάσκω","apage",1
"βάσκω","auolo",1
"βάσκω","celeranter",0
"βάτης","albinus",0
"βάτης","polymitus",0
"βέλεμνον","iaculum",1
"βέλεμνον","uerutum",1
"βέλεμνον","uerutus",1
"βέλος","extinguere",0
"βέλος","missilis",1
"βέλος","scutum",0
"βέλος","telum",1
"βένθος","altitudo",1
"βένθος","profunditas",1
"βήσσω","tussedo",1
"βήσσω","tussicularis",0
"βήσσω","tussio",1
"βία","exaduersum",0
"βία","inuitus",1
"βία","uiriculae",0
"βία","uis",1
"βίβημι","gruo",0
"βίβημι","uarico",0
"βίοτος","catonium",0
"βίοτος","uitalis",1
"βαίνω","g",0
"βαίνω","iuuentus",0
"βαίνω","noverunt",0
"βαίνω","pedito",1
"βαίνω","planta",0
"βαίνω","procedo",1
"βαίνω","sto",1
"βαίνω","vitam",0
"βαθυδίνης","altilaneus",0
"βαθυδίνης","desitus",0
"βαθυδίνης","uerticosus",1
"βαθυλείμων","pecorosus",0
"βαθυλείμων","praemiosus",0
"βαθυλείμων","pratensis",1
"βαθυλείμων","saeptatus",0
"βαθύβουλος","grauiusculus",0
"βαθύζωνος","cinctutus",1
"βαθύζωνος","succinctulus",1
"βαθύκολπος","desitus",0
"βαθύκολπος","praealtus",1
"βαθύνω","aedifico",0
"βαθύνω","deprimo",1
"βαθύνω","eo",0
"βαθύνω","exalto",1
"βαθύνω","fundo",0
"βαθύνω","possum",0
"βαθύνω","suspiritus",0
"βαθύρροος","fluxuosus",1
"βαθύρροος","fluxura",1
"βαθύρροος","manamen",1
"βαθύς","altilaneus",0
"βαθύς","altus",1
"βαθύς","aroma",0
"βαθύς","haurio",0
"βαθύς","profundus",1
"βαθύσχοινος","iuncetum",1
"βαθύσχοινος","iuncinus",1
"βαθύσχοινος","iuncosus",1
"βακχεία","thiasus",1
"βαλανεύω","balneolum",1
"βαλανεύω","pyelus",1
"βαμβαίνω","adblatero",1
"βαμβαίνω","dicabula",1
"βαμβαίνω","frigiditas",0
"βαμβαίνω","perfrigidus",0
"βαρέω","depondero",1
"βαρέω","factum",0
"βαρέω","grauo",1
"βαρέω","gravati",1
"βαρέω","graves",1
"βαρέω","pondero",1
"βαρέω","praegno",1
"βαρβαρόφωνος","effatio",1
"βαρβαρόφωνος","effatus",1
"βαρβαρόφωνος","multiloquium",1
"βαρύθω","baiulo",1
"βαρύθω","iaceo",0
"βαρύθω","ponderabilis",1
"βαρύθω","pondero",1
"βαρύνω","compresso",1
"βαρύνω","infatigo",0
"βαρύνω","ingrauido",1
"βαρύνω","taedio",1
"βαρύοδμος","oboleo",1
"βαρύς","barabban",0
"βαρύς","dimitto",0
"βαρύς","grauis",1
"βαρύς","persuadeo",0
"βαρύς","populus",0
"βαρύς","praegrauis",1
"βασίλειον","diadema",1
"βασίλειον","diademalis",1
"βασίλειον","diadematus",1
"βασίλειον","induo",0
"βασίλειον","pretiosus",0
"βασίλειον","uestimentum",0
"βασίλειον","vestimentis",0
"βασίλειος","archon",1
"βασίλειος","regius",1
"βασίλειος","rex",1
"βασιλίς","regina",1
"βασιλίς","regius",1
"βασιλίς","tyranna",1
"βασιλεύς","pilatus",0
"βασιλεύς","regium",1
"βασιλεύς","regius",1
"βασιλεύς","rex",1
"βασιλεύς","teutomatus",0
"βασιλεύς","vocio",0
"βασιλεύω","mors",0
"βασιλεύω","regnavit",1
"βασιλεύω","regno",1
"βασιλεύω","rex",1
"βασιλεύω","teutomatus",0
"βασιλεύω","vocio",0
"βελτίων","melioresco",1
"βελτίων","melioro",1
"βελτίων","ministravit",0
"βελτίων","ministro",0
"βελτίων","misericordia",0
"βελτίων","nostos",0
"βελτίων","praecipio",0
"βηλός","liminaris",1
"βηλός","postliminium",1
"βηλός","prolimen",1
"βιάζω","coacto",1
"βιάζω","cogo",0
"βιάζω","evangelizatur",0
"βιάζω","iohannem",0
"βιάζω","praeualentia",0
"βιάζω","uis",0
"βιάζω","usque",0
"βιάω","coacto",1
"βιάω","perpello",1
"βιάω","urgeo",1
"βιβάσθω","adiudico",0
"βιβάσθω","emancipo",0
"βιβάω","ablator",0
"βιβάω","gressio",0
"βιβάω","procursio",0
"βιβρώσκω","cibus",0
"βιβρώσκω","esco",1
"βιβρώσκω","esito",1
"βιβρώσκω","manduco",1
"βιβρώσκω","permaneo",0
"βιός","arcuatilis",0
"βιός","arcuatim",0
"βιός","arcuo",0
"βιός","prono",0
"βιόω","carnis",0
"βιόω","uita",0
"βιόω","uiuo",1
"βιώνης","coemptor",1
"βιώνης","emptrix",1
"βιώνης","pastus",0
"βλάπτω","cluniculus",0
"βλάπτω","foedo",0
"βλάπτω","increpo",0
"βλάπτω","laedo",1
"βλάπτω","obmutesco",0
"βλάπτω","perpedio",1
"βλέμμα","perspecto",1
"βλέφαρον","gena",1
"βλέφαρον","oculeus",1
"βλέφαρον","palpebralis",1
"βλέφαρον","palpebraris",1
"βλεμεαίνω","exsulto",1
"βλεμεαίνω","incedo",0
"βλεμεαίνω","ouo",1
"βλοσυρός","pilosus",1
"βλοσυρός","uillosus",1
"βλοσυρῶπις","despectatio",0
"βλοσυρῶπις","speculamen",0
"βλοσυρῶπις","transpectus",0
"βλωθρός","improcerus",1
"βλωθρός","longurio",0
"βλωθρός","orthocissos",0
"βλώσκω","necne",0
"βλώσκω","transiugatus",0
"βλώσκω","uel",0
"βλώσκω","uento",1
"βλῆτρον","colligatio",1
"βλῆτρον","trochus",1
"βοάγριον","elaphoboscon",0
"βοάγριον","taurinus",1
"βοάγριον","terginum",0
"βοάω","boo",1
"βοάω","clamavit",0
"βοάω","clamo",1
"βοάω","clamor",1
"βοάω","elatro",1
"βοάω","uox",1
"βοή","baritus",1
"βοή","booz",0
"βοή","clamor",1
"βοή","iubilum",1
"βοή","naasson",0
"βοή","quis",0
"βοή","uagio",0
"βοεύς","catadromus",0
"βοεύς","funis",1
"βοεύς","terginum",0
"βοεύς","tortum",1
"βοηθόος","auxiliatio",1
"βοηθόος","auxiliator",1
"βοηθόος","improperus",1
"βοηλασία","bolbiton",0
"βοηλασία","iumentarius",1
"βοηλασία","pecoralis",1
"βοηλασία","pecualis",1
"βουλεία","quattuoruiratus",0
"βουστροφηδόν","buthysia",0
"βρίθω","grauidus",1
"βόα","lelepris",1
"βόα","phager",1
"βόειος","bellis",0
"βόειος","bos",1
"βόειος","semibos",0
"βόειος","urus",0
"βόθρος","cuniculus",0
"βόθρος","fouea",1
"βόθρος","sterquilinium",1
"βόσις","pabularis",1
"βόσις","pabulatorius",1
"βόσις","pastus",1
"βόσκω","compasco",1
"βόσκω","infanto",1
"βόσκω","nuntio",0
"βόσκω","pasco",1
"βόσκω","pastor",0
"βόσκω","repasco",1
"βόσκω","uesco",1
"βότρυς","alius",0
"βότρυς","alto",0
"βότρυς","botrus",0
"βότρυς","hierosolyma",0
"βότρυς","uenucula",1
"βότρυς","uua",1
"βότρυς","vindemia",0
"βῆσσα","axylos",0
"βῆσσα","napaeus",1
"βῆσσα","saltuosus",1
"βῆσσα","uallicula",1
"γάλα","lac",1
"γάλα","lactaneus",1
"γάλα","lacteus",1
"γάλα","ne",0
"γάλα","sermo",0
"γάλοως","caca",0
"γάλοως","glos",1
"γάλοως","sororcula",0
"γάμος","ibi",0
"γάμος","nuptalicius",1
"γάμος","nuptiae",1
"γάμος","nuptialis",1
"γάμος","nuptus",1
"γάμος","servis",0
"γάμος","venire",0
"γάνυμαι","gaudialis",1
"γάνυμαι","laetificus",1
"γάρ","enim",1
"γάρ","nam",1
"γάρ","namque",1
"γάρ","non",0
"γάρ","quo",1
"γάρος","alec",1
"γάρος","alecula",1
"γάρος","pasta",1
"γάστρα","abdomen",1
"γάστρα","aqualiculus",1
"γάστρα","semicupae",1
"γάστρα","uterculus",1
"γάϊος","tellus",1
"γάϊος","terrestris",1
"γάϊος","terrosus",1
"γέλοιος","perabsurdus",1
"γέλοιος","ridiculus",1
"γέλοιος","scurrilis",1
"γέλως","derisorius",1
"γέλως","gingilismus",1
"γέλως","miser",1
"γέλως","risio",1
"γέλως","risus",1
"γένειον","barba",1
"γένειον","barbesco",1
"γένειον","barbitium",1
"γένειον","mentum",1
"γένεσις","exultatio",0
"γένεσις","generatio",1
"γένεσις","natiuitas",1
"γένεσις","origo",1
"γένεσις","procreabilis",1
"γένεσις","saeculum",1
"γένος","gener",0
"γένος","gens",1
"γένος","genus",1
"γένος","prosapia",1
"γένος","syngenicos",1
"γένυς","dolabella",1
"γένυς","securifer",0
"γένυς","securiger",0
"γένυς","securis",1
"γέρανος","gromphena",1
"γέρανος","grus",1
"γέρανος","pipizo",1
"γέρανος","uipio",1
"γέρας","charisma",1
"γέρας","datus",1
"γέρας","doron",1
"γέρων","itero",0
"γέρων","laches",0
"γέρων","nicodemus",0
"γέρων","numquid",0
"γέρων","senectus",1
"γέρων","seniculus",1
"γέρων","uetero",1
"γέφυρα","patefacio",1
"γέφυρα","patulus",1
"γέφυρα","ponticulus",1
"γέφυρα","pontilis",1
"γαίω","collaetor",1
"γαίω","congaudeo",1
"γαίω","pergaudeo",1
"γαίω","supergaudeo",1
"γαιήοχος","atterraneus",1
"γαιήοχος","leucogaeus",0
"γαιήοχος","tellus",0
"γαιήοχος","terrigena",0
"γαιόω","holosphyratus",1
"γαιόω","materinus",1
"γαιόω","persolido",1
"γαμέω","enubo",1
"γαμέω","marito",1
"γαμέω","nubo",1
"γαμέω","uxor",0
"γαμέω","virgo",0
"γαμβρός","patraster",1
"γαμβρός","socer",1
"γαμβρός","socrus",1
"γαμφηλαί","beccus",1
"γαμφηλαί","embolum",0
"γαμψῶνυξ","curuus",1
"γαμψῶνυξ","flexipes",1
"γαμψῶνυξ","inrectus",1
"γαμψῶνυξ","procuruus",1
"γανάω","intermico",1
"γανάω","praemico",1
"γαστήρ","is",0
"γαστήρ","praegnatus",0
"γαστήρ","uenter",1
"γαστήρ","uentriculosus",1
"γαστήρ","uterculus",1
"γαστήρ","uterus",1
"γε","aduereor",0
"γε","edoceo",0
"γε","paruus",0
"γε","quidem",1
"γε","saltem",0
"γε","sinis",0
"γε","tamen",1
"γείνομαι","attulo",1
"γείνομαι","introporto",1
"γείνομαι","progigno",1
"γεγωνός","magnisonans",1
"γεγωνός","multisonus",1
"γεγωνός","sonorus",1
"γελάω","irrideo",1
"γελάω","rideo",1
"γελάω","risito",1
"γελάω","saturo",0
"γεμίζω","compleo",1
"γεμίζω","cyathisso",1
"γεμίζω","factum",0
"γεμίζω","impleo",1
"γεμίζω","impleverunt",0
"γεμίζω","maiestas",0
"γεμίζω","oppleo",1
"γεμίζω","pleo",1
"γενέθλη","nascentia",1
"γενέθλη","natio",0
"γενέθλη","natiuitus",0
"γενέθλη","prognatio",1
"γενέτης","chaon",0
"γενέτης","creator",1
"γενέτης","prosator",1
"γενέτης","sator",1
"γενειοσυλλεκτάδαι","barbitium",1
"γερανοβωτία","depastio",1
"γεωργικός","agricultura",1
"γεύω","degunere",1
"γεύω","gusto",1
"γεύω","mors",0
"γεύω","pergustus",1
"γεύω","sapor",1
"γεύω","venientem",0
"γεύω","venturi",0
"γηθέω","collaetor",1
"γηθέω","congaudeo",1
"γηθέω","pergaudeo",1
"γηθέω","supergaudeo",1
"γλάγος","lactarius",1
"γλάγος","mulgeo",1
"γλήνη","ludimentum",1
"γλήνη","pupa",1
"γλήνη","uerticula",1
"γλύκιος","morbidus",1
"γλύκιος","morbosus",1
"γογγροκτόνος","mortificatio",1
"γῆρυς","arsis",0
"γῆρυς","uocula",1
"γῆρυς","uox",1
"δάκνω","comeditis",0
"δάκνω","mordeo",1
"δάκνω","mordico",1
"δάκνω","morsus",1
"δάκνω","ne",0
"δάκρυον","capillus",0
"δάκρυον","gumen",1
"δάκρυον","lacrima",1
"δάκρυον","opos",1
"δάκρυον","rigavit",0
"δάκρυον","rigo",0
"δάκρυον","tergeo",0
"δάμαρ","matrimonium",0
"δάμαρ","uxor",1
"δάμαρ","uxorcula",0
"δάμασις","domitura",1
"δάμασις","domitus",1
"δάμασις","infrenatio",1
"δάμασις","mansuefactio",1
"δάος","titio",1
"δάος","torris",1
"δάπεδον","exfundatus",0
"δάπεδον","planities",1
"δάπεδον","plano",0
"δάπτω","degulo",1
"δάπτω","exedo",1
"δάπτω","peredo",1
"δάϊος","infelicito",1
"δέκα","decem",1
"δέκα","decemplicatus",0
"δέκα","decemscalmus",0
"δέκα","deni",0
"δέκα","mina",0
"δέκατος","addecimo",0
"δέκατος","decima",1
"δέκατος","decimatio",0
"δέκατος","decimus",1
"δέκατος","relinquo",0
"δέκατος","undecimus",0
"δέμας","effigio",0
"δέμας","fabrefacio",0
"δέμας","figulo",1
"δέμνιον","cubitus",1
"δέμνιον","culcitella",1
"δέμνιον","culcitula",1
"δέμνιον","lectulus",1
"δέμω","aedifico",1
"δέμω","architector",1
"δέμω","exstruo",0
"δένδρον","arbor",1
"δένδρον","fructus",0
"δέος","gratia",0
"δέος","ita",0
"δέος","pauor",1
"δέος","praetimeo",0
"δέος","suscipio",0
"δέος","terriloquus",0
"δέος","timor",1
"δέπας","bacchia",1
"δέπας","culullus",1
"δέπας","poculum",1
"δέπας","scyphus",1
"δέρμα","angustio",0
"δέρμα","caprina",0
"δέρμα","cutis",1
"δέρμα","membrana",1
"δέρμα","pelliris",0
"δέρω","caedes",0
"δέρω","caedo",0
"δέρω","cutis",0
"δέρω","deglubo",1
"δέρω","deuerbero",0
"δέρω","dimitto",0
"δέρω","membrana",0
"δέρω","vosmet",0
"δέσμα","redimiculum",1
"δέσμα","strophium",0
"δέσμα","uinculum",1
"δέσμη","colligo",0
"δέσμη","cresco",0
"δέσμη","manua",1
"δέσμη","pugnus",1
"δέσμη","sarcina",1
"δέχομαι","acceptito",1
"δέχομαι","accepto",1
"δέχομαι","accipio",1
"δέχομαι","quicumque",0
"δέχομαι","recipio",1
"δέχομαι","suscipio",0
"δέω","indigeo",0
"δέω","laedo",0
"δέω","nihil",0
"δέω","obsecro",0
"δέω","oportet",0
"δέω","perindigeo",0
"δέω","praeligo",1
"δέω","subligo",1
"δή","barnaban",0
"δή","discedo",0
"δή","iam",1
"δή","nusquam",0
"δή","porto",0
"δή","tum",0
"δήμιος","publicarius",1
"δήμιος","publicitus",0
"δήμιος","publicus",1
"δήν","diutinus",1
"δήν","iampridem",1
"δίδυμος","didymus",0
"δίδυμος","duplex",1
"δίδυμος","geminus",1
"δίδυμος","polimenta",1
"δίδυμος","thomas",0
"δίδωμι","do",1
"δίδωμι","eos",0
"δίδωμι","pertribuo",1
"δίδωμι","praehibeo",1
"δίδωμι","reddo",0
"δίδωμι","sicut",0
"δίζημαι","mutuito",0
"δίζημαι","pabulor",0
"δίζημαι","quaerito",1
"δίζημαι","quaero",1
"δίζυξ","biiugis",1
"δίζυξ","biplex",1
"δίζυξ","conduplico",0
"δίζω","addubito",1
"δίζω","amissus",0
"δίζω","diametrum",0
"δίκαιος","dextrorsum",0
"δίκαιος","iudico",0
"δίκαιος","iustus",1
"δίκαιος","rego",0
"δίκη","aeternus",0
"δίκη","evaserit",0
"δίκη","expertio",1
"δίκη","ius",0
"δίκη","poena",1
"δίκη","vivere",0
"δίνη","orbitus",0
"δίνη","uertex",1
"δίνω","proculco",0
"δίνω","retrituro",1
"δίνω","trituro",1
"δίπλαξ","biplex",1
"δίπλαξ","conduplico",0
"δίπλαξ","duplus",1
"δίπτυχος","bifarius",1
"δίπτυχος","bigeminus",1
"δίπτυχος","plicatilis",0
"δίπτυχος","resimplicatus",1
"δίσκος","disceus",0
"δίσκος","discoides",0
"δίσκος","discus",1
"δίφρος","currus",1
"δίφρος","reclinatorium",0
"δίφρος","seliquastrum",0
"δίφρος","sella",1
"δίψα","areo",1
"δίψα","sitis",0
"δίω","effugo",1
"δίω","fugo",0
"δίω","insecutio",0
"δίω","uenor",0
"δασυντέον","gleucinus",0
"δείελος","peruesperi",1
"δείελος","uesperalis",1
"δείελος","uespertinus",1
"δείελος","uesperus",1
"δείκνυμι","acclaro",1
"δείκνυμι","demonstro",1
"δείκνυμι","ostendo",1
"δείκνυμι","ostentamen",0
"δείκνυμι","praebeo",0
"δείκνυμι","recipio",0
"δείλη","merendo",0
"δείλη","pomeridianus",1
"δειδήμων","cussiliris",1
"δειδήμων","muricatus",1
"δειδήμων","performidolosus",1
"δειδήμων","subuereor",0
"δειδίσσομαι","pauefacio",1
"δειδίσσομαι","terreo",1
"δειδίσσομαι","terrifico",1
"δεικανάω","arrhalis",0
"δεικανάω","oppignero",1
"δεικανάω","persaluto",1
"δειλόομαι","afformido",1
"δειλόομαι","expaueo",1
"δειλόομαι","fides",0
"δειλόομαι","oboedio",0
"δειλόομαι","puto",0
"δειλόομαι","timidus",0
"δειλός","aerumnosus",1
"δειλός","incredulus",0
"δειλός","misellus",1
"δειλός","mors",0
"δειλός","pauper",0
"δειλός","secundus",0
"δειλός","timidus",0
"δεινός","mirificus",1
"δεινός","tat",0
"δεινός","uehemens",0
"δειπνέω","ceno",1
"δειπνέω","commemoratio",0
"δειπνέω","farinarius",0
"δειπνέω","farinula",0
"δειπνέω","postquam",0
"δειρή","boiae",1
"δειρή","iugulum",1
"δειρή","torquatus",1
"δεκάς","decemscalmus",0
"δεκάς","decuria",1
"δεκάς","deni",0
"δεκάτη","abraham",0
"δεκάτη","contestor",0
"δεκάτη","decima",1
"δεκατόω","abraham",0
"δεκατόω","addecimo",1
"δεκατόω","decima",0
"δεκατόω","decimus",0
"δεκατόω","decumates",0
"δελφίς","cetus",1
"δελφίς","delphinus",1
"δελφίς","tursio",0
"δεξιά","dextella",1
"δεξιά","dexter",0
"δεξιά","dextera",1
"δεξιά","dextrorsum",0
"δεξιάζω","ascisco",1
"δεξιάζω","comprobo",1
"δεξιάζω","consido",0
"δεξιάζω","probo",1
"δεξιάζω","talis",0
"δεξιτερός","comminus",0
"δεξιτερός","dextella",1
"δεξιτερός","dextera",1
"δεξιός","ab",0
"δεξιός","dexter",1
"δεξιός","dextera",1
"δεξιός","dextrorsum",0
"δεξιός","sedeo",0
"δεσμεύω","alligo",1
"δεσμεύω","atque",0
"δεσμεύω","repono",0
"δεσμεύω","superdo",0
"δεσμεύω","uinculum",0
"δεσμεύω","vinculorum",0
"δεσμός","colligatio",1
"δεσμός","concilium",0
"δεσμός","mano",0
"δεσμός","nexio",1
"δεσμός","statim",0
"δεσμός","uinculo",0
"δεσμός","uinculum",1
"δεσμός","vincula",0
"δεσπόζω","dominicus",1
"δεσπότης","arbitrator",1
"δεσπότης","dominus",1
"δεσπότης","erus",1
"δεσπότης","parvulum",0
"δεσπότης","recipio",0
"δεσπότης","seruus",0
"δετός","exscreabilis",0
"δετός","facula",1
"δετός","sectiuus",0
"δεύτατος","finalitas",1
"δεύτατος","perenno",0
"δεύτατος","testamentalis",0
"δεύτερος","alter",1
"δεύτερος","epistrategus",0
"δεύτερος","morior",0
"δεύτερος","secundus",1
"δεύτερος","subheres",0
"δεύτερος","tertius",0
"δεύω","inopiosus",0
"δεύω","madefacio",0
"δεύω","permadefacio",1
"δεῖμα","metus",1
"δεῖμα","reformidatio",1
"δεῖμα","terror",1
"δεῖξις","argumentatio",1
"δεῖξις","proba",1
"δεῖξις","probamentum",1
"δεῖπνον","daps",1
"δεῖπνον","farinarius",0
"δεῖπνον","farinula",1
"δεῖσα","inquinamentum",1
"δεῖσα","sordities",1
"δεῖσα","squalentia",1
"δεῦρο","adesdum",1
"δεῦρο","aliubi",0
"δεῦρο","dominus",0
"δεῦρο","sequor",0
"δεῦρο","uento",0
"δεῦρο","uenum",0
"δεῦρο","videte",0
"δηθά","desiduo",1
"δηθά","diutinus",1
"δηθά","iampridem",0
"δηθύνω","permoror",1
"δηθύνω","retardo",1
"δηθύνω","tardo",1
"δηλέομαι","diritas",0
"δηλέομαι","malefacio",1
"δηλέομαι","malignosus",0
"δηλήμων","nociuus",1
"δηλήμων","nocuus",1
"δηλήμων","noxialis",1
"δηλήμων","zamia",0
"δημοβόρος","chydaeus",0
"δημοβόρος","deuorator",1
"δημοβόρος","uorator",1
"δημογέρων","chamaeacte",0
"δημογέρων","procer",1
"δημογέρων","sambuceus",0
"δημογέρων","sambucus",0
"δημός","adipeus",0
"δημός","pinguamen",1
"δημός","praepinguis",0
"δημός","unguinosus",0
"δηναιός","absentiuus",1
"δηναιός","desiduo",0
"δηναιός","diutinus",0
"δηναιός","iampridem",0
"δηριάομαι","altercor",0
"δηριάομαι","digladior",1
"δηριάομαι","missum",0
"δηρός","diurno",0
"δηρός","diutinus",1
"δηρός","longiturnus",1
"διά","non",0
"διά","per",1
"διά","perago",0
"διά","propter",0
"διά","quare",0
"διά","semitatim",0
"διά","transtineo",0
"διάκτορος","angarius",1
"διάκτορος","angelus",1
"διάκτορος","internuntius",1
"διάκτορος","praeministra",1
"διέκροος","permeatus",1
"διέξειμι","perago",0
"διέξειμι","peragro",1
"διέξειμι","semitatim",0
"διέξειμι","transtineo",1
"διέπω","perducto",1
"διέπω","peruirens",0
"διέπω","siquando",0
"διέρομαι","perrogo",1
"διέρομαι","proco",1
"διέρομαι","pysma",0
"διέρομαι","rogamentum",0
"διέρχομαι","amplus",0
"διέρχομαι","perago",0
"διέρχομαι","perambulo",1
"διέρχομαι","semitatim",0
"διέρχομαι","transeo",1
"διέρχομαι","transtineo",1
"διέρχομαι","videbitis",0
"διέχω","discapedino",0
"διέχω","disto",1
"διέχω","interuallo",0
"διέχω","segrex",0
"διαίνω","affleo",1
"διαίνω","perploro",1
"διαίνω","umecto",1
"διαβαίνω","experior",1
"διαβαίνω","ostendo",0
"διαβαίνω","traicio",0
"διαβαίνω","transeo",1
"διαβαίνω","transgredior",1
"διαβαίνω","uarico",1
"διαβαίνω","visio",0
"διαγιγνώσκω","adpropio",0
"διαγιγνώσκω","certus",0
"διαγιγνώσκω","cognosco",1
"διαγιγνώσκω","condecerno",1
"διαγιγνώσκω","diiudico",1
"διαγιγνώσκω","internosco",1
"διαγιγνώσκω","tribunus",0
"διαγορεύω","enarro",1
"διαγορεύω","imperatus",0
"διαγορεύω","subenarro",0
"διαγράφω","reducto",1
"διαδέρκομαι","reuideo",0
"διαδέρκομαι","transpicio",1
"διαείδω","digladior",0
"διαείδω","internosco",1
"διαείδω","pretio",0
"διαθρύπτω","frusto",1
"διαθρύπτω","interfringo",1
"διαθρύπτω","suffringo",1
"διαιρετικός","distributio",1
"διακέομαι","reconcinno",1
"διακλάω","hapalus",0
"διακλάω","molleo",0
"διακλάω","praemollis",0
"διακλάω","suffringo",1
"διακοσμέω","adordino",1
"διακοσμέω","digestim",0
"διακοσμέω","imperatus",0
"διακοσμέω","iussio",0
"διακρίνω","diiudico",1
"διακρίνω","discerno",1
"διακρίνω","disto",0
"διακρίνω","haesito",0
"διακρίνω","indignus",0
"διακρίνω","iudico",0
"διακρίνω","segrex",0
"διακριδόν","discretim",1
"διακριδόν","disiuncte",1
"διακριδόν","seiunctim",1
"διακόσιοι","centenarius",0
"διακόσιοι","denarius",0
"διακόσιοι","duceni",1
"διακόσιοι","ducenti",1
"διαλέγω","causate",0
"διαλέγω","futuo",0
"διαλέγω","loquela",0
"διαλέγω","sermocinor",1
"διαμάω","deseco",1
"διαμάω","dissereno",0
"διαμάω","irrado",0
"διαμαστροπεύω","perductor",0
"διαμετρέω","admetior",1
"διαμετρέω","cignus",0
"διαμετρέω","permetior",1
"διαμετρητός","circummetior",0
"διαμετρητός","modificus",1
"διαμετρητός","peremensus",1
"διαμπερές","perfringo",0
"διαμπερές","perrumpo",0
"διαμπερές","semitatim",1
"διαμπερής","penetrabilis",1
"διαμπερής","penetratio",0
"διαπέρθω","abolefacio",1
"διαπέρθω","euasto",1
"διαπέρθω","sacceus",0
"διαπέρθω","sacculus",0
"διαπλήσσω","frusto",1
"διαπλήσσω","inspico",1
"διαπονέω","dureo",0
"διαπορθέω","ecpyrosis",0
"διαπορθέω","euasto",1
"διαπορθέω","perdecipio",0
"διαπορθέω","pessimo",1
"διαπράσσω","conficio",1
"διαπράσσω","impetro",1
"διαπράσσω","nancio",0
"διαπρύσιος","penetrabilis",1
"διαπρύσιος","penetratio",0
"διαρπάζω","alligo",0
"διαρπάζω","diripio",1
"διαρπάζω","dispolio",1
"διαρπάζω","exspolio",1
"διαρπάζω","ingredior",0
"διαρπάζω","nemo",0
"διαρπάζω","populor",1
"διαρραίω","abolefacio",1
"διαρραίω","compereo",0
"διαρραίω","deflagro",0
"διαρραίω","diminuo",1
"διασκοπιάομαι","dinosco",1
"διασκοπιάομαι","excursor",0
"διασκοπιάομαι","internosco",1
"διαστέλλω","segrego",1
"διασχίζω","bisulcus",0
"διασχίζω","confindo",1
"διασχίζω","discindo",1
"διατμήγω","caesa",0
"διατμήγω","coinquo",1
"διατμήγω","deseco",1
"διατμήγω","disseco",1
"διατρέω","aufugio",1
"διατρέω","circumcurro",0
"διατρέω","tremefactio",0
"διατρίβω","amitto",0
"διατρίβω","demoror",1
"διατρίβω","ibi",0
"διατρίβω","inter",0
"διατρίβω","monochronos",0
"διατρίβω","olim",0
"διατρίβω","tempus",0
"διαφαίνω","perluceo",1
"διαφαίνω","transluceo",1
"διαφθείρω","corrumpo",1
"διαφθείρω","deperdo",1
"διαφθείρω","perdo",1
"διαφθείρω","priuo",0
"διαφθείρω","reddo",0
"διαφθείρω","renouo",0
"διαφθείρω","servis",0
"διαχέω","discutio",0
"διαχέω","disicio",0
"διαχέω","dissipo",1
"διαχέω","exspergo",1
"διαχείρισις","exercitio",1
"διδάσκω","addoceo",1
"διδάσκω","disco",0
"διδάσκω","doceo",1
"διδάσκω","docilis",0
"διδάσκω","semidoctus",0
"διδάσκω","templum",0
"διδυμάων","biformis",1
"διδυμάων","bignae",0
"διδυμάων","conduplico",0
"διδυμάων","geminus",1
"διείργω","distineo",1
"διείργω","propulso",0
"διεκδρομή","subarmalis",0
"διηνεκής","consummavit",0
"διηνεκής","imperpetuus",0
"διηνεκής","offero",0
"διηνεκής","perennis",1
"διηνεκής","perpes",1
"διηνεκής","sempiternus",1
"διιπετής","aethra",0
"διιπετής","caelifluus",0
"διιπετής","caelitus",1
"δικάζω","decerno",1
"δικάζω","iudico",1
"δικάζω","statuo",0
"δικλίς","biforis",1
"δικλίς","ualuatus",1
"δινήεις","glomerabilis",1
"δινήεις","rotatus",1
"δινήεις","uerticosus",1
"δινεύω","uerticillus",0
"δινεύω","uertigino",1
"διογενής","diuinitus",1
"διογενής","prognatus",0
"διογενής","saxigenus",0
"διογενής","semidiuinus",0
"διοπτήρ","excursator",1
"διοπτήρ","excursor",1
"διοπτήρ","uisor",1
"διπλόη","spongiosus",1
"διπλόος","biplex",1
"διπλόος","duplex",1
"διπλόος","duplum",1
"διπλόος","duplus",1
"διπλόος","presbyterium",0
"διπλόος","verbo",0
"διφάω","corruspor",1
"διφάω","expiscor",1
"διφάω","scrutinium",0
"διφάω","scrutor",1
"διχθά","bifidus",1
"διχθά","indescriptus",0
"διχθά","multipartitus",0
"διχθά","sectilis",1
"διψάω","aeternus",0
"διψάω","areo",0
"διψάω","exsurio",0
"διψάω","siticulosus",0
"διψάω","sitio",1
"διψάω","sol",0
"διωθέω","depulso",1
"διωθέω","perrumpo",1
"διωθέω","subtermoueo",1
"διωθέω","trusito",0
"διό","ideo",0
"διό","inuicem",0
"διό","propter",0
"διό","quamobrem",1
"διό","quapropter",1
"διό","quis",0
"διώκω","patior",0
"διώκω","persecutio",0
"διώκω","persequor",1
"διώκω","propello",1
"διώκω","prosequor",1
"διώκω","sector",0
"δμητήρ","frenator",1
"δμητήρ","hippodamus",0
"δμητήρ","mansuetarius",1
"δμητήρ","perdomitor",1
"δμώς","ancillatus",0
"δμώς","ax",0
"δμώς","seruiculus",1
"δμώς","uerna",0
"δμῆσις","domitura",1
"δμῆσις","domitus",1
"δμῆσις","infrenatio",1
"δνοπαλίζω","flucticulus",0
"δνοπαλίζω","incircum",0
"δνοπαλίζω","praecutio",1
"δνοφερός","cnephosus",1
"δνοφερός","illuminus",1
"δνοφερός","tenebrico",0
"δνοφερός","tenebrosus",1
"δοάσσατο","addecet",0
"δοάσσατο","collibet",0
"δοάσσατο","diluculat",0
"δοάσσατο","nanctus",0
"δογματικός","praeceptiuus",1
"δοιάζω","bini",0
"δοιάζω","bipatens",0
"δοιάζω","dualitas",0
"δοιάς","duitas",1
"δοιάς","emancipo",0
"δοιή","addubito",0
"δοιή","aporia",1
"δοιή","exaporior",0
"δοιή","indubito",0
"δοκέω","ego",0
"δοκέω","existimo",1
"δοκέω","exopinisso",1
"δοκέω","hypallage",0
"δοκέω","opinor",1
"δοκέω","placeo",0
"δοκέω","puto",1
"δοκός","festuca",0
"δοκός","iugum",0
"δοκός","oculo",0
"δοκός","puto",0
"δοκός","trabalis",0
"δοκός","trabecula",1
"δολιχός","diurno",0
"δολιχός","diutinus",1
"δολιχός","longiturnus",1
"δολιχόσκιος","diutinus",1
"δολιχόσκιος","longinquus",1
"δολιχόσκιος","longus",1
"δολοφροσύνη","astutia",1
"δολοφροσύνη","subdolositas",1
"δολοφροσύνη","sycophantia",1
"δολόω","conscientia",0
"δολόω","decipio",1
"δολόω","illaqueo",1
"δολόω","stannum",0
"δολόω","ueritas",0
"δονέω","concutio",1
"δονέω","quasso",1
"δονέω","quatio",1
"δονακεύς","cannetum",1
"δονακεύς","harundinetum",1
"δονακεύς","harundinosus",0
"δορός","pasceolus",1
"δορός","pera",1
"δοτήρ","largitor",1
"δοτήρ","legifer",0
"δοτήρ","praestitor",1
"δοτήρ","tributor",1
"δουρηνεκής","absitus",1
"δουρηνεκής","cernulo",0
"δουρηνεκής","hasta",0
"δουροδόκη","antiptosis",0
"δοχμός","compitum",0
"δοχμός","quadriuius",0
"δοχμός","transuado",1
"δοχμός","transuersarius",1
"δούλιος","ancillatus",1
"δούλιος","ax",0
"δούλιος","seruilis",1
"δοῦλος","ancillatus",1
"δοῦλος","seruilis",1
"δοῦλος","seruus",1
"δοῦλος","servi",0
"δοῦλος","servum",0
"δοῦπος","sonitus",1
"δοῦπος","sonor",1
"δράκων","anguis",1
"δράκων","coluber",1
"δράκων","draco",1
"δράκων","draconteus",0
"δράκων","muliero",0
"δράσσομαι","comprehendo",1
"δράσσομαι","deum",0
"δράσσομαι","manipulatim",0
"δράσσομαι","prehenso",1
"δράσσομαι","prensito",1
"δράσσομαι","sapio",0
"δράσσομαι","stultitia",0
"δραγμός","deplexus",1
"δρεπάνη","falcula",1
"δρεπάνη","falx",1
"δρεπάνη","harpaga",0
"δριμύς","sagax",1
"δριμύς","sarcasmos",0
"δριμύς","subargutulus",0
"δριμύς","toruus",1
"δρομόω","accelero",1
"δρομόω","praefestino",0
"δρομόω","refestino",0
"δρυμός","coryletum",0
"δρυμός","uirgultum",1
"δρυτόμος","lapidicaesor",0
"δρυτόμος","lignator",1
"δρυτόμος","scalptor",0
"δρόμος","consummo",0
"δρόμος","curriculum",1
"δρόμος","curro",0
"δρόμος","cursus",0
"δρόμος","neque",0
"δρόμος","servavi",0
"δρόμος","stadiatus",0
"δρύοψ","emancipo",0
"δρύοψ","parra",1
"δρύοψ","picumnus",0
"δρύοψ","picus",1
"δρύπτω","dilorico",0
"δρύπτω","lacrimula",0
"δρύπτω","praeuello",1
"δυοκαίδεκα","duodecies",0
"δυοκαίδεκα","duodecimuir",0
"δυοκαίδεκα","duodeni",1
"δυσάμμορος","aerumnosus",1
"δυσάμμορος","intimus",0
"δυσάμμορος","plerus",0
"δυσέκτηκτος","dimadesco",0
"δυσαλλοίωτος","perdurus",1
"δυσηλεγής","edurus",1
"δυσηλεγής","luctifer",0
"δυσθαλπής","incendiosus",1
"δυσθαλπής","praecalidus",1
"δυσθαλπής","praeferuidus",1
"δυσκλεής","defamis",1
"δυσκλεής","propudiosus",1
"δυσκλεής","propudium",0
"δυσμενέων","aegreo",0
"δυσμενέων","feritans",0
"δυσμενέων","hostifer",1
"δυσμενέων","hostificus",1
"δυσμενής","hostilis",1
"δυσμενής","inimico",0
"δυσμενής","perduellis",0
"δυσπέμφελος","nimbifer",1
"δυσπέμφελος","nimbosus",1
"δυσπέμφελος","subhorresco",0
"δυσροέω","proliceo",1
"δυστύχημα","infelicitas",1
"δυσχείμερος","hibernalis",1
"δυσχείμερος","hiemalis",1
"δυσχείμερος","hiemo",0
"δυώδεκα","duodecim",1
"δυώδεκα","duodecimuir",0
"δυώδεκα","duodeni",1
"δυώδεκα","ex",0
"δυώδεκα","tribus",0
"δωδέκατος","duodecimus",1
"δωδέκατος","octauus",0
"δωδέκατος","uncia",0
"δωδέκατος","undecimus",0
"δωδεκάγναμπτος","duodecies",1
"δωδώνη","emancipo",0
"δωδώνη","lingulaca",1
"δωρέω","diuinus",0
"δωρέω","donaticus",0
"δωρέω","donavit",0
"δωρέω","dono",1
"δωρέω","munifico",1
"δωρέω","praesum",0
"δωρίτης","superator",1
"δωτίνη","charisma",1
"δωτίνη","doron",1
"δόλος","astus",1
"δόλος","dolus",0
"δόλος","inuidia",0
"δόλος","quilibet",0
"δόλος","subdolositas",1
"δόλος","sutela",1
"δόλοψ","insidiator",1
"δόλοψ","obsidium",0
"δόλοψ","subsessa",0
"δόμος","aedes",1
"δόμος","domitius",0
"δόμος","domuncula",1
"δόμος","opisthodomus",0
"δόναξ","canna",1
"δόναξ","canneus",1
"δόναξ","harundo",1
"δόξα","gloria",1
"δόξα","glorior",0
"δόξα","honoro",0
"δόξα","lupanar",0
"δόξα","opinio",0
"δόρπον","far",0
"δόρπον","farinarius",0
"δόρπον","farinula",1
"δόρυ","hasta",1
"δόρυ","hastile",1
"δόρυ","quiris",1
"δόρυ","sibina",1
"δόσις","communico",0
"δόσις","datus",1
"δόσις","do",0
"δόσις","fatalis",0
"δόσις","pensiuncula",0
"δόσις","principium",0
"δόσις","supererogatio",0
"δόχμιος","transnato",0
"δόχμιος","transnauigo",0
"δόχμιος","transuolo",0
"δύη","anxitudo",1
"δύη","bini",0
"δύη","contribulatio",1
"δύη","uae",0
"δύναμαι","aequiualeo",0
"δύναμαι","ago",0
"δύναμαι","conquadro",0
"δύναμαι","non",0
"δύναμαι","possum",1
"δύναμαι","potis",1
"δύναμαι","queo",1
"δύναμαι","virtutes",0
"δύναμις","normo",0
"δύναμις","potestas",1
"δύναμις","quadrus",0
"δύναμις","supra",0
"δύναμις","uirtus",1
"δύναμις","uis",1
"δύναμις","virtutis",0
"δύο","biformis",0
"δύο","bini",1
"δύο","combinatio",0
"δύο","duo",1
"δύο","ex",0
"δύο","testis",0
"δύσθροος","multisonus",1
"δύσθροος","undisonus",0
"δύσοπτος","perdurus",0
"δύσπνοια","dyspnoea",1
"δύστηνος","infelicito",0
"δύστηνος","misellus",1
"δύστηνος","miserulus",1
"δύτης","mergus",1
"δύτης","urinator",1
"δύω","duo",0
"δύω","imbito",1
"δύω","immeo",1
"δύω","subintro",0
"δύω","subintroeo",1
"δύω","uno",0
"δώσων","benedictio",0
"δώσων","do",0
"δώσων","etiam",0
"δώσων","perenniseruus",0
"δώσων","pollicitatio",0
"δώσων","promissio",1
"δώσων","pseudochristi",0
"δώσων","semper",0
"δᾳδίον","facula",1
"δῆλος","clarus",0
"δῆλος","dubius",0
"δῆλος","luceo",0
"δῆλος","manifesta",1
"δῆλος","praeter",0
"δῆμος","lacetani",0
"δῆμος","popularis",0
"δῆμος","populus",1
"δῆμος","turbo",0
"δῆμος","volente",0
"δῆρις","certamen",1
"δῆρις","proeliaris",0
"δῆρις","rixa",1
"δῖος","caelestinus",1
"δῖος","peregregius",1
"δῶμα","atrium",0
"δῶμα","descendo",0
"δῶμα","domesticus",0
"δῶμα","domuncula",1
"δῶμα","familia",1
"δῶμα","hora",0
"δῶμα","tectum",1
"δῶμα","ut",0
"δῶρον","charisma",0
"δῶρον","datus",1
"δῶρον","dono",0
"δῶρον","donum",1
"δῶρον","doron",1
"δῶρον","ibi",0
"δῶρον","munus",0
"δῶρον","offero",0
"εἴσδυσις","aditialis",1
"εὐδιάσπαστος","illacerabilis",1
"εὐδιήγητος","renarro",1
"εὐδιαίτητος","parabilis",0
"εὐμάθεια","discentia",1
"εὐμετακίνητος","agitabilis",1
"εὐπαράκλητος","agitabilis",1
"εὐρωπία","platys",1
"εὐσταλής","putealis",0
"εὐφιλόπαις","deliciolae",1
"εὔμαρις","calceamen",1
"εὔτυκτος","putealis",0
"ζάθεος","hagiographus",0
"ζάθεος","perexiguus",0
"ζάθεος","perfacilis",0
"ζάθεος","semidiuinus",0
"ζάκοτος","adiudico",0
"ζάκοτος","emancipo",0
"ζάκοτος","supergressus",0
"ζέφυρος","argestes",0
"ζέφυρος","caurus",0
"ζέφυρος","occidentalis",0
"ζέφυρος","thrascias",0
"ζέω","discoquo",1
"ζέω","ferueo",1
"ζέω","incoquo",1
"ζέω","inferueo",1
"ζέω","referueo",1
"ζέω","sive",0
"ζέω","uiuo",0
"ζέω","vivimus",0
"ζήω","uiuo",1
"ζήω","uiuus",0
"ζήω","vivemus",0
"ζήω","viventes",0
"ζαής","flatura",0
"ζαής","flaturalis",0
"ζαής","reflatus",0
"ζατρεφής","adipeus",1
"ζατρεφής","pinguamen",1
"ζατρεφής","praepinguis",0
"ζατρεφής","sitistus",1
"ζαφλεγής","empyrius",1
"ζαφλεγής","ignifer",1
"ζαφλεγής","praelucidus",1
"ζαχρηής","furiatilis",1
"ζαχρηής","furibundus",1
"ζαχρηής","persaeuio",1
"ζαχρηής","uesanio",1
"ζείδωρος","condonatio",0
"ζείδωρος","mammula",0
"ζείδωρος","uiuificatorius",1
"ζεύγλη","fusus",0
"ζεύγλη","subiugius",0
"ζεύγλη","uniiugus",0
"ζεύγνυμι","coniugo",1
"ζεύγνυμι","consero",0
"ζεύγνυμι","iungo",0
"ζεύγνυμι","uniiugus",0
"ζεύς","causa",0
"ζεύς","gratia",0
"ζεύς","m",0
"ζεύς","maius",1
"ζεύς","monas",0
"ζεύς","pecunia",1
"ζεύς","propter",0
"ζεύς","venit",0
"ζεῦγος","alto",0
"ζεῦγος","bigae",1
"ζεῦγος","currus",0
"ζεῦγος","illa",0
"ζεῦγος","iugus",0
"ζεῦγος","probo",0
"ζεῦγος","synoris",0
"ζεῦξις","disputatorie",0
"ζεῦξις","pancratice",0
"ζεῦξις","propemodum",0
"ζεῦξις","quodammodo",0
"ζηλήμων","strabo",1
"ζηλήμων","zelotypus",1
"ζητέω","conquiro",1
"ζητέω","inquiro",1
"ζητέω","possum",0
"ζητέω","quaero",1
"ζητέω","ventura",0
"ζοφόω","contenebro",1
"ζοφόω","detraho",0
"ζοφόω","inferni",0
"ζοφόω","obtenebro",1
"ζοφόω","tenebro",1
"ζυγέω","linea",0
"ζυγέω","lineola",0
"ζυγέω","uersiculus",0
"ζυγόδεσμον","strophium",1
"ζυγόδεσμον","subiugius",1
"ζυγόν","iugus",0
"ζυγόν","libra",0
"ζυγόν","linea",0
"ζυγόν","mitis",0
"ζυγόν","synoris",1
"ζυγόν","uersiculus",0
"ζυγόω","introiugus",0
"ζυγόω","subiugius",0
"ζυγόω","subiugo",1
"ζωάγρια","namque",0
"ζωάγρια","ruratio",0
"ζωάγρια","seruabilis",0
"ζωάγρια","uita",0
"ζωή","ruratio",0
"ζωή","uictus",0
"ζωή","uita",1
"ζωγρέω","capio",0
"ζωγρέω","captus",0
"ζωγρέω","iam",0
"ζωγρέω","resipiscant",0
"ζωγρέω","superstito",1
"ζωγρέω","uiuido",1
"ζωγρέω","uiuifico",1
"ζωοποιέω","uiuido",1
"ζωρός","meliton",0
"ζωρός","meratus",1
"ζωρός","meribibulus",1
"ζωρός","uinarius",0
"ζωστήρ","balteatus",1
"ζωστήρ","cingulum",1
"ζωστήρ","zona",1
"ζωός","aeternus",0
"ζωός","credo",0
"ζωός","uita",0
"ζωός","uiuido",0
"ζωός","uiuus",1
"ζωός","vitam",0
"ζωόω","feto",1
"ζωόω","uiuifico",1
"ζόφος","aeternus",0
"ζόφος","caligo",1
"ζόφος","reseruo",0
"ζόφος","tenebellae",1
"ζόφος","tenebricosus",1
"ζώνη","balteatus",1
"ζώνη","cingulum",1
"ζώνη","circa",0
"ζώνη","pauli",0
"ζώνη","zona",1
"ζώννυμι","ambulo",0
"ζώννυμι","cingo",0
"ζώννυμι","extendo",0
"ζώννυμι","incingo",1
"ζώννυμι","praecingo",1
"ζώννυμι","volebas",0
"ζῳηδόν","pancratice",0
"ζῶμα","cinctura",1
"ζῶμα","lumbellus",1
"ζῶμα","lumbulus",1
"θάλαμος","cella",0
"θάλαμος","cellariolum",0
"θάλαμος","thalamus",1
"θάλασσα","circa",0
"θάλασσα","galilaea",0
"θάλασσα","mare",1
"θάλασσα","marum",0
"θάλασσα","pelage",1
"θάλασσα","pelagicus",0
"θάλασσα","salum",1
"θάλασσα","veniebat",0
"θάλεα","beatifico",0
"θάλεα","discriminatio",0
"θάλεα","felicito",0
"θάλεια","iuuenilitas",0
"θάλεια","iuuentas",0
"θάλεια","praediues",1
"θάλλω","effloresco",1
"θάλλω","uigeo",1
"θάλλω","uigesco",1
"θάλος","clauula",0
"θάλος","graphiolum",0
"θάλος","soligena",0
"θάλος","stolo",0
"θάμβος","colloquor",0
"θάμβος","demiror",0
"θάμβος","exstasis",1
"θάμβος","inuicem",0
"θάμβος","obstipesco",0
"θάμβος","pavor",0
"θάμβος","stupor",1
"θάμβος","stuporatus",0
"θάμνος","rhus",1
"θάμνος","thannum",1
"θάμνος","uirgultum",1
"θάνατος","defunctus",1
"θάνατος","emortualis",0
"θάνατος","mors",1
"θάνατος","nex",1
"θάνατος","uita",0
"θάπτω","funeratio",0
"θάπτω","funus",0
"θάπτω","insepultus",0
"θάπτω","obrendarius",0
"θάπτω","sepelierunt",0
"θάπτω","sepelio",1
"θάρσος","animaequus",1
"θάρσος","confido",0
"θάρσος","factum",0
"θάρσος","ferocitas",1
"θάρσυνος","fretus",0
"θάρσυνος","inserpo",0
"θάρσυνος","subnixus",1
"θάσσω","assido",1
"θάσσω","desideo",1
"θάσσω","persedeo",1
"θάσσω","protosedeo",0
"θέα","aspectus",1
"θέα","cernentia",1
"θέα","conspectio",1
"θέα","uisus",1
"θέαινα","diua",1
"θέαινα","pelina",0
"θέαινα","ra",0
"θέλγω","cantio",0
"θέλγω","fascino",1
"θέλγω","medicatus",0
"θέμεθλα","radicitus",0
"θέμεθλα","radicosus",0
"θέμεθλα","spongiola",0
"θέμις","dextrorsum",0
"θέμις","iuridicialis",1
"θέμις","municipium",0
"θέναρ","palmularis",1
"θέναρ","palpus",1
"θέναρ","uola",1
"θέρμω","feruesco",1
"θέρμω","percandefacio",1
"θέρμω","perferueo",1
"θέρμω","praeferuidus",0
"θέρος","aestas",1
"θέρος","aestiualis",1
"θέρος","aestiuus",1
"θέρος","iam",0
"θέρω","calefacto",1
"θέρω","decalesco",1
"θέρω","formidus",0
"θέσκελος","cronos",0
"θέσκελος","deus",0
"θέσκελος","diuigena",0
"θέσφατος","fatalis",0
"θέσφατος","permirabilis",0
"θέσφατος","permirandus",0
"θέσφατος","permirus",0
"θέω","comparo",0
"θέω","discurro",0
"θέω","effulgeo",1
"θέω","mos",0
"θέω","moses",0
"θέω","percurro",1
"θέω","suffulgeo",1
"θέω","traditio",0
"θήγω","acuo",1
"θήγω","aspero",1
"θήγω","exacuo",1
"θήγω","mordax",1
"θήκη","bibo",0
"θήκη","cistella",1
"θήκη","corcus",0
"θήκη","dedo",0
"θήκη","petro",0
"θήκη","scrinium",1
"θήκη","vaginam",1
"θήρ","animal",1
"θήρ","belua",1
"θήρα","uenatio",1
"θήρα","uenatus",1
"θήρη","captio",0
"θήρη","laqueus",0
"θήρη","retributio",0
"θαάσσω","assido",1
"θαάσσω","persedeo",1
"θαάσσω","protosedeo",0
"θαάσσω","sessito",0
"θαιρός","portula",0
"θαιρός","thyraeus",0
"θαιρός","thyroma",0
"θαλάσσιος","aequoreus",1
"θαλάσσιος","pelage",0
"θαλάσσιος","pelagicus",1
"θαλάσσιος","salum",0
"θαλέθω","effloresco",1
"θαλέθω","tumentia",0
"θαλέθω","turgor",0
"θαλία","coepulor",0
"θαλία","funebris",0
"θαλία","funereus",0
"θαλία","silicernium",0
"θαλερός","incrasso",1
"θαλερός","percrassus",1
"θαλερός","spissus",1
"θαλερός","ualentulus",0
"θαλπωρή","concalfactorius",1
"θαλπωρή","consolamen",1
"θαλπωρή","excalfactio",1
"θαλπωρή","solamen",1
"θαλύσια","primitiae",1
"θαλύσια","primulus",1
"θαλύσια","pulchralia",0
"θαμά","missiculo",0
"θαμά","potito",0
"θαμά","quotienscumque",0
"θαμέες","concateruatus",1
"θαμέες","conuersatio",0
"θαμέες","differtus",1
"θαμίζω","appellito",0
"θαμίζω","assoleo",1
"θαμίζω","potito",0
"θαμίζω","uentito",1
"θαμβέω","discerpo",0
"θαμβέω","exclamo",0
"θαμβέω","immundus",0
"θαμβέω","obstipesco",1
"θαμβέω","stupeo",1
"θανατόω","defunctus",0
"θανατόω","emortualis",1
"θανατόω","factum",0
"θανατόω","letifer",0
"θανατόω","mors",0
"θανατόω","nex",0
"θανατόω","trado",0
"θανατόω","vixeritis",0
"θαρσέω","audeo",1
"θαρσέω","confido",1
"θαρσέω","confisio",0
"θαρσέω","fidamen",0
"θαρσέω","fido",1
"θαρσέω","fiducia",0
"θαρσέω","metuo",0
"θαρσαλέος","audacia",1
"θαρσαλέος","confido",1
"θαρσαλέος","exscreabilis",0
"θαρσύνω","cohorto",1
"θαρσύνω","effirmo",1
"θαρσύνω","exhortor",1
"θαυμάζω","admiror",1
"θαυμάζω","amplus",0
"θαυμάζω","demiror",1
"θαυμάζω","miro",1
"θαυμάζω","miror",1
"θαυμάζω","superadmiro",1
"θαῦμα","demiror",0
"θαῦμα","eo",0
"θαῦμα","mira",1
"θαῦμα","mirificentia",1
"θαῦμα","miro",0
"θαῦμα","miror",0
"θαῦμα","quare",0
"θεά","destruo",0
"θεά","diua",1
"θεά","pelina",0
"θεά","ra",0
"θεά","reputo",0
"θεάομαι","circus",0
"θεάομαι","coepi",0
"θεάομαι","is",0
"θεάομαι","oculus",0
"θεάομαι","peruiso",1
"θεάομαι","spectaculum",1
"θεάομαι","ut",0
"θεία","amita",1
"θεία","hosticapas",0
"θεία","matertera",1
"θείνω","dis",0
"θείνω","g",0
"θείνω","k",0
"θείνω","trans",0
"θειόω","puro",1
"θειόω","sulfur",0
"θειόω","sulfuratus",0
"θελκτήριον","cantio",1
"θελκτήριον","leuamentarius",0
"θελκτήριον","medicatus",1
"θελκτήριος","delenificus",1
"θελκτήριος","incantatio",0
"θελκτήριος","magice",0
"θελκτήριος","temperatiuus",1
"θεοείκελος","diuinus",1
"θεοείκελος","diuus",1
"θεοείκελος","inhumanus",0
"θεοειδής","diuinus",1
"θεοειδής","diuus",1
"θεοειδής","inhumanus",0
"θεον","confirmo",0
"θεον","exhortor",0
"θεοπρεπής","portentificus",1
"θεοπροπέω","manticinor",1
"θεοπροπέω","ominor",1
"θεοπροπέω","praecanto",1
"θεοπροπέω","prophetizo",1
"θεοπροπία","fatiloquium",1
"θεοπροπία","fatus",1
"θεοπροπία","pseudoprophetia",0
"θεοπροπία","uaticinium",1
"θεοπρόπος","fatidicus",1
"θεοπρόπος","uates",1
"θεοπρόπος","uidens",1
"θεράπων","famulus",1
"θεράπων","is",0
"θεράπων","minister",1
"θεράπων","testimonium",0
"θερμαίνω","calefacio",1
"θερμαίνω","excalfacio",1
"θερμαίνω","incalfacio",1
"θερμαίνω","numquid",0
"θερμαίνω","petrus",0
"θερμαίνω","vidisset",0
"θερμός","calidus",1
"θερμός","ignio",0
"θερμός","perferueo",1
"θερμός","praecalidus",1
"θεσπέσιος","diuinitus",1
"θεσπέσιος","diuinus",1
"θεσπέσιος","entheatus",1
"θεσπέσιος","entheus",1
"θεσσαλός","calceamen",0
"θεσσαλός","calceamentum",0
"θεσσαλός","phaecasium",0
"θεόδμητος","ambrosia",0
"θεόδμητος","peraedificatus",0
"θεόδμητος","religiositas",0
"θεός","deeo",0
"θεός","dei",0
"θεός","deitas",1
"θεός","deum",0
"θεός","deus",1
"θεός","diuus",0
"θεός","numen",1
"θεῖος","auunculus",0
"θεῖος","diuinitus",1
"θεῖος","diuinus",1
"θεῖος","divinae",0
"θεῖος","dono",0
"θεῖος","hosticapas",0
"θεῖος","is",0
"θεῖος","pronoea",0
"θηρευτικός","uenaticus",1
"θηρευτικός","uenatura",1
"θησαυρός","thesaurus",1
"θιασεύω","thiasus",1
"θυμβροφάγος","thymbra",1
"θυμοραϊστής","excidio",1
"θωμός","struix",1
"θᾶκος","cathedra",1
"θᾶκος","consentium",1
"θᾶκος","sessibulum",1
"θῆβαι","o",0
"θῆβαι","oppidum",0
"θῆβαι","thebae",1
"θῆβαι","thebagenes",0
"κάλλαιον","alectorius",1
"κάλλος","formositas",1
"κάλλος","pulchritudo",1
"κάτοπτρον","specularius",1
"κάτοπτρον","speculum",1
"κέγχρος","asella",0
"καθεκτικός","congialis",0
"καινουργία","reparatio",1
"καλλίβωλος","perdiues",1
"καραδοκέω","manto",1
"καρφαλέος","interaresco",1
"κατάκλισις","cubitus",1
"κατάπληξις","hyperbolaeus",0
"κατάστεγος","gausapatus",1
"καταπλέκω","innodo",1
"καταρράπτω","transuo",1
"καταρτάω","exapto",1
"κατασκέλλομαι","sceletus",1
"καταστάζω","destillo",1
"καυστός","obustus",1
"καυστός","occensus",1
"κεγχροφόρος","sistratus",0
"κινητήριος","simpulum",1
"κλιμακοφόρος","sistratus",0
"κλυτόπωλος","generosus",1
"κλύω","exaudio",1
"κλῆσις","uocatus",1
"κοινόφρων","micropsychus",0
"κολούω","reseco",1
"κορθύνω","orthius",1
"κριτός","electus",1
"κρουματοποιός","organicus",1
"κόγχη","peloris",1
"κώπη","manubriolum",1
"λάβρος","uiolentus",1
"λαώδης","popularitas",1
"λειόχρως","deleuo",1
"λευκοθώραξ","percandidus",1
"ληναῖος","lorea",0
"ληναῖος","torculus",1
"λητώ","donarium",0
"λητώ","l",0
"λητώ","templaris",0
"λητώ","terrigena",0
"λύγδην","singulto",1
"μαψίδιος","incassus",1
"μειλιχία","lenitudo",1
"μενέλαος","commoratio",1
"μερίζω","diduco",1
"μεσόγαιος","mediterraneus",1
"μετάκερας","intepeo",1
"μεταδήμιος","interstrepo",0
"μεταδοξάζω","commutatio",1
"μεταλήγω","concesso",1
"μεταλγέω","thalictrum",0
"μεταμείβω","emuto",1
"μεταπαύομαι","interquiesco",1
"μεταπαύομαι","interuigilo",1
"μετατρέχω","antecurro",1
"μικροφιλότιμος","poscinummius",1
"μιλιάζω","cullearis",0
"μιξόθηλυς","subsimilis",0
"μισάδελφος","fratruelis",0
"νάπη","napaeus",1
"νάπη","ualles",1
"νάπη","uallicula",1
"νάω","amanus",0
"νάω","profluo",1
"νάω","riguus",1
"νάω","v",0
"νέατος","exter",1
"νέατος","finalitas",1
"νέατος","infimatis",1
"νέατος","testamentalis",0
"νέηλυς","emancipo",0
"νέηλυς","transuena",1
"νέκταρ","nectar",1
"νέκταρ","nectareus",1
"νέκυς","emortuus",1
"νέκυς","mortuarius",1
"νέκυς","seminecis",1
"νέμεσις","indignatio",1
"νέμεσις","iracundia",1
"νέμεσις","reuindico",1
"νέμεσις","stomachatio",1
"νέμος","bucetum",1
"νέμος","pascuus",1
"νέμος","pastura",1
"νέμω","habeo",1
"νέμω","obtineo",1
"νέμω","pasco",1
"νέμω","teneo",1
"νέομαι","beto",1
"νέομαι","laecasin",0
"νέομαι","progredior",1
"νέομαι","remeo",1
"νέος","horto",0
"νέος","iunior",1
"νέος","iuuenis",1
"νέος","iuuenta",1
"νέος","iuuentus",1
"νέος","nouus",1
"νέος","puerinus",1
"νέος","ut",0
"νέφος","certamen",0
"νέφος","inpono",0
"νέφος","nubes",1
"νέφος","nubifer",0
"νέφος","nubis",1
"νέω","cognovit",0
"νέω","intellego",0
"νέω","pronato",1
"νέω","sentio",0
"νέω","structus",1
"νέω","struix",1
"νέω","superenato",1
"νέω","ut",0
"ναίς","copiosus",0
"ναίς","naim",0
"ναίω","cohabito",1
"ναίω","habito",1
"ναίω","incolo",1
"ναίω","inhabito",1
"ναιετάω","cohabito",1
"ναιετάω","inhabito",1
"ναρκάω","intorpeo",1
"ναρκάω","obtorpeo",1
"ναρκάω","rigeo",1
"ναρκάω","rigesco",1
"ναυλόω","eloco",1
"ναυλόω","locito",1
"ναός","aedifico",0
"ναός","delubrum",1
"ναός","membro",0
"ναός","templaris",1
"ναός","templum",1
"ναύμαχος","hippus",0
"ναύμαχος","pelage",0
"ναύμαχος","pelagicus",0
"ναύμαχος","thalassicus",0
"ναύτης","nauigo",0
"ναύτης","nauta",1
"ναύτης","pelage",0
"ναύτης","salum",0
"ναῦς","carina",1
"ναῦς","figo",0
"ναῦς","incido",0
"ναῦς","naualis",1
"ναῦς","naufragabilis",0
"ναῦς","saburrarius",0
"νεάζω","iuuenis",1
"νεάζω","renascor",1
"νεάζω","reuiresco",1
"νεάτη","cinyra",0
"νεάτη","infimatis",0
"νεάτη","rasores",0
"νεάω","arater",0
"νεάω","aruus",1
"νεάω","obaro",1
"νείφω","ninguidus",1
"νεαρός","mustus",1
"νεαρός","nuperus",1
"νεαρός","puerinus",1
"νεβρόομαι","adulo",0
"νεβρόομαι","angelificatus",0
"νεβρόομαι","ceueo",0
"νεβρόομαι","charmides",0
"νεικέω","alterco",1
"νεικέω","iurgo",1
"νεικέω","litigatio",1
"νειόθεν","funditus",1
"νειόθεν","imitus",1
"νειόθι","imitus",1
"νειόθι","subterfluo",0
"νειόθι","superincuruatus",1
"νειός","ueruactum",1
"νειός","ueteretum",1
"νεκάς","antes",1
"νεκάς","circumaggero",0
"νεκάς","emortuus",1
"νεκάς","struix",0
"νεκρός","emortuus",1
"νεκρός","epulor",0
"νεκρός","iudico",0
"νεκρός","morior",1
"νεκρός","mortuarius",1
"νεκρός","suscito",0
"νεοίη","iuuenor",1
"νεοπτόλεμος","duellis",1
"νεύρινος","stuppeus",1
"νεᾶνις","adulescentula",1
"νεᾶνις","puera",1
"νεᾶνις","puerinus",1
"νεῖκος","eris",0
"νεῖκος","iurgium",1
"νεῖκος","litigium",1
"νομαδία","compascuus",1
"νομοφυλακέω","praeseruio",0
"νύσσω","fodio",1
"νῆττα","anatinus",1
"ξάνθιον","laburnum",1
"ξάνθιον","latifolius",1
"ξένιος","hospitalis",1
"ξένιος","hospitalitas",1
"ξένιος","hospitium",1
"ξένος","aduena",1
"ξένος","hospes",1
"ξένος","nudus",0
"ξένος","vidimus",0
"ξίφος","ensiculus",0
"ξίφος","gladius",1
"ξίφος","xiphias",0
"ξυνός","consensus",0
"ξυνός","cunctalis",1
"ξυνός","imperatorius",0
"ξυνός","publicus",1
"ξυρέω","audio",0
"ξυρέω","caput",0
"ξυρέω","derado",1
"ξυρέω","falso",0
"ξυρέω","praerado",1
"ξυρέω","rasito",1
"ξυρέω","uelo",0
"οἰκέω","gubernabilis",0
"οἰκέω","habito",1
"οἰκέω","iaceo",0
"οἰκέω","infidelis",0
"οἰκέω","si",0
"οἰμώζω","eiulo",1
"οἰνοδόκος","congialis",1
"οἰνοχοεύω","lorea",0
"οἰνοχοεύω","meribibulus",0
"οἰνοχοεύω","uinarius",1
"οἶος","persolus",1
"οἶος","solicanus",0
"οἶος","solitarius",1
"οἶος","unicus",1
"οὐδέ","neque",1
"οὐδαῖος","demeaculum",1
"οὐλόμενος","infelicito",1
"οὕνεκα","etenim",1
"οὕνεκα","propter",1
"οὕνεκα","propterea",1
"οὕνεκα","quia",1
"πάγχυ","omnimodis",1
"πάγχυ","omnimodo",1
"πάγχυ","uniuersatim",1
"πάμψυχος","ruratio",0
"παιδία","infantia",1
"παιδότροφος","dauid",0
"παιδότροφος","erigo",0
"παιδότροφος","innutribilis",1
"παιδότροφος","iuuencus",0
"παιδότροφος","nutrimentalis",1
"παιδότροφος","puer",0
"παιδότροφος","uita",0
"παλίμπλους","praenauigatio",1
"παλιμπροδοσία","proditus",1
"παλιμπροδότης","displuuiata",0
"παλμός","incitatus",1
"παναχαιοί","omnigenus",0
"παναχαιοί","omniparens",0
"παναχαιοί","tapanta",0
"παναχαιοί","uniuersaliter",0
"πανθυμαδόν","perbasio",0
"παππάζω","adblatero",0
"παππάζω","introuoco",0
"παππάζω","papa",0
"παράφορος","auolo",1
"παραβοηθέω","adiutus",1
"παραείρω","altrouorsum",0
"παρακρατέω","exurgeo",1
"παραπορεύομαι","pertranseo",1
"παραπορεύομαι","praetermeo",1
"παρασκευαστής","prouisor",1
"παρελαύνω","praeterago",1
"παρελαύνω","praeteruehor",1
"παροιμιώδης","prouerbialis",1
"παρρησιαστής","temulenter",0
"παρωθέω","depulso",1
"πατησμός","calcatura",1
"πατριώτης","conterraneus",1
"πατροκτονία","parenticida",1
"παῖς","filius",1
"παῖς","pilati",0
"παῖς","pilatus",0
"παῖς","puer",1
"παῖς","putillus",1
"παῖς","suus",0
"παῦρος","breuis",1
"παῦρος","narratiuncula",0
"παῦρος","parumper",0
"πενέω","egenus",1
"πενέω","pauper",1
"πενέω","perpauper",1
"πενέω","ptocheum",0
"πενθήμερος","quintarius",1
"πενθητήριος","atratus",1
"πενταετηρικός","quadrimulus",1
"πεντετηρίς","quinquennalis",1
"πεντετηρίς","quinquennis",1
"περίψυχρος","frigiditas",1
"περίψυχρος","perfrigidus",1
"περδικοθήρας","conchita",0
"περιηχέω","circumcirca",1
"περιχορεύω","saltatus",1
"πετρήεις","petrosus",1
"πετρήεις","scopulosus",1
"πηγή","aqua",1
"πηγή","corriuatio",0
"πηγή","fons",1
"πηγή","ortus",0
"πιφαύσκω","renarro",1
"πλέθρον","hemina",1
"πνεῦσις","aspiramen",1
"πνεῦσις","flatura",1
"πνεῦσις","flaturalis",1
"πνιγώδης","suffocatio",1
"ποδίς","calceamen",1
"ποδίς","calceamentum",1
"ποδίς","phaecasium",1
"ποθέω","appetentia",1
"ποθέω","concupiscentia",1
"ποθέω","cupido",1
"ποθέω","desiderium",1
"ποιέω","confacio",1
"ποιέω","dico",0
"ποιέω","facio",1
"ποιέω","factito",1
"ποιέω","huc",0
"ποιέω","meio",0
"ποικιλότραυλος","tetrachordos",0
"ποινή","expiatio",1
"ποινή","expio",1
"ποινή","multatio",1
"ποινή","poena",1
"πολιός","anilis",1
"πολιός","anus",1
"πολιός","senica",1
"πολλάκις","compluriens",1
"πολλάκις","fortassean",1
"πολλάκις","quotiens",0
"πολλάκις","totiens",0
"πολυγηθής","laetabilis",1
"πολυγηθής","uinnulus",1
"πολυδάκρυτος","elamentabilis",1
"πολυδάκρυτος","flebilis",1
"πολυδάκρυτος","indeflebilis",1
"πολυδάκρυτος","plorabilis",1
"πολυθαρσής","bellicosus",1
"πολυθαρσής","multiloquium",0
"πολυθαρσής","praefidens",1
"πολύαινος","illaudatus",1
"πολύς","longus",0
"πολύς","multa",0
"πολύς","multus",1
"πολύς","nimius",0
"πολύφατος","pernobilis",1
"πολύχαλκος","aeramentum",1
"πολύχαλκος","aeratus",1
"ποσαχῶς","quotcumque",1
"ποσαχῶς","quotumus",1
"πρέμνον","grandiscapius",1
"προαποκλείω","secludo",1
"προβοάω","boo",1
"προβοάω","elatro",1
"προβοάω","occlamito",1
"προγένειος","barbiger",1
"προευλογέω","allaudabilis",1
"προθέω","antecurro",1
"προθέω","introcurro",1
"προθέω","probito",1
"προθέω","prolatus",0
"προκόπτω","promoueo",1
"προπηλάκισις","tractatio",1
"προσαμφιέννυμι","inserpo",0
"προσαμφιέννυμι","superinduo",1
"προσανερωτάω","requirito",1
"προσεπαινέω","allaudabilis",1
"προσεπαινέω","dilaudo",1
"προσευρίσκω","adinuenio",1
"προσπολέω","praeseruio",1
"προσφιλοκαλέω","redamo",0
"προτίθημι","antepono",1
"προτίθημι","descrobo",0
"προτίθημι","propono",1
"προτίθημι","remissio",0
"προτίθημι","venire",0
"πρωτεσίλαος","primoris",1
"πρόπειρα","expertio",1
"πρόσφημι","affatus",0
"πρόσφημι","allegorizo",0
"πρόσφημι","alloquor",1
"πρόσφημι","initiavit",0
"πρόσφημι","initio",0
"πρόσφημι","suus",0
"πρόσφημι","uelamen",0
"πρώϊος","factum",0
"πρώϊος","ineo",0
"πρώϊος","mane",0
"πρώϊος","matutinus",1
"πρώϊος","praegermino",0
"πρώϊος","praematurus",1
"πτύξ","complico",0
"πτύξ","corrugis",0
"πτύξ","lamina",1
"πτύξ","plicatrix",0
"πτύρομαι","timefactus",1
"πυρός","dracontion",1
"πυρός","ignis",0
"πυρός","oculus",0
"πυρός","triticinus",1
"πυρός","triticum",1
"πωλέω","emo",0
"πωλέω","reuendo",1
"πωλέω","uendo",1
"πωλέω","uenumdo",1
"πωλέω","vendentes",0
"πόθος","appetentia",1
"πόθος","cupiditas",1
"πόθος","cupido",1
"πόθος","libidinitas",1
"πύλη","convenerant",0
"πύλη","duco",0
"πύλη","hecatompylos",0
"πύλη","ianua",1
"πύλη","pandana",0
"πύλη","porta",1
"πύλη","videbatur",0
"πῖλος","contrectabilis",0
"πῖλος","impilia",0
"πῖλος","pilleolus",0
"πῖλος","udo",0
"σαγηνεία","uenaticius",1
"σαλπίζω","bucino",1
"σαλπίζω","cano",0
"σαλπίζω","debucino",1
"σαλπίζω","tuba",0
"σαλπίζω","tubula",0
"σείριος","stella",1
"σεισάχθεια","quassus",0
"σηστός","inguen",0
"σηστός","uaccinium",0
"σθεναρός","commulco",0
"σθεναρός","diuinipotens",0
"σθεναρός","praefortis",1
"σθεναρός","uiripotens",1
"σιβύνη","quiris",1
"σιταγωγός","aduectus",0
"σκέδασις","disseminatio",0
"σκέδασις","inspersio",1
"σκέδασις","sparsio",1
"σκιρτάω","subsilio",1
"σκοπιάζω","aduigilo",1
"σκωρία","scoria",1
"σκωραμίς","euphrone",0
"σκότιος","celatum",1
"σκότιος","cnephosus",1
"σκότιος","eo",0
"σκότιος","lux",1
"σκότιος","tenebrae",1
"σκότιος","tenebrico",1
"σκότιος","tenebrosus",1
"σκύλευμα","perduellis",0
"σπάθη","spatha",1
"σπέος","antrum",1
"σπέος","cauatio",1
"σπέος","cauerna",1
"στάζω","guttatim",0
"στάζω","stillanter",0
"στάζω","stillo",1
"στέφω","corolla",0
"στέφω","coronalis",0
"στέφω","redimio",1
"στεφανίτης","corolla",1
"στυφελιγμός","mufrius",1
"στόβος","litterio",0
"στόρνυμι","substerno",1
"στύξ","gelicidium",0
"στύξ","gelum",0
"στύξ","reptilis",0
"συμβακχεύω","associo",0
"συμμηχανάομαι","meditator",0
"συμπυρόω","concremo",1
"συμπυρόω","deuro",1
"συμφέρω","associus",0
"συμφέρω","cenaculatus",0
"συμφέρω","confero",1
"συμφέρω","congruo",0
"συμφέρω","expedio",0
"συμφέρω","liceo",0
"συμφέρω","si",0
"συνακμάζω","effloresco",1
"συνθύτης","sacrificator",1
"συνθύτης","thyotes",1
"συνιππάζομαι","circumequito",1
"συνιππάζομαι","superuehor",1
"συνοικία","domuncula",0
"συνυφίστημι","introuoco",0
"σφός","germanus",0
"σφός","sapsa",0
"σφός","suifico",0
"σφός","suus",1
"σύμπας","summa",0
"σύμπας","uniuersim",1
"σύμπας","uniuersus",1
"σύντεχνος","concubiter",0
"τέκος","adulescentulus",1
"τέκος","iuuenculus",1
"τέκος","iuuencus",1
"τέκος","peradulescens",1
"τέκος","perficio",0
"τέκος","potens",0
"τέκος","vis",0
"τέττιξ","coquus",1
"τέχνη","artificialis",1
"τέχνη","artificium",1
"τέχνη","artio",0
"τέχνη","idem",0
"τέχνη","subdolositas",1
"ταρχύω","adobruo",1
"ταρχύω","exiuro",0
"ταρχύω","sollemnitus",0
"ταχύπους","monopodius",1
"τεκνίδιον","putillus",1
"τενθρηδών","centrinae",1
"τενθρηδών","uespa",1
"τερμιεύς","tutorius",1
"τεσσαρακοστός","quadragesimus",1
"τετραίνω","efforo",1
"τετραίνω","perforo",1
"τεύχω","cubitum",0
"τεύχω","duodecim",0
"τεύχω","fabricabilis",1
"τεύχω","fabrio",1
"τεύχω","murus",0
"τεύχω","parito",1
"τεύχω","paro",1
"τεῦχος","uascellum",1
"τεῦχος","urna",1
"τεῦχος","urnula",1
"τλάω","perfero",1
"τλάω","perpetior",1
"τλάω","queo",0
"τοποθετέω","elogio",1
"τουτέστι","indicens",1
"τρίζω","frendor",1
"τρίζω","gemo",1
"τρίζω","occentus",1
"τρίζω","strideo",1
"τριέλικτος","staminatus",1
"τρισσάκις","teriugus",1
"τρόφις","turgidulus",1
"τρόχις","angarius",1
"τρόχις","hemerodromus",1
"τύχη","filius",0
"τύχη","fortuna",1
"τύχη","prosperatio",1
"υἱός","filio",0
"υἱός","filium",0
"υἱός","filius",1
"υἱός","filum",1
"υἱός","hosticapas",0
"υἱός","naticidium",0
"υἱός","nepos",0
"υἱός","uita",0
"φάος","lucus",0
"φάος","lumen",1
"φάος","lux",1
"φέρω","ad",0
"φέρω","affero",1
"φέρω","fero",1
"φέρω","gero",1
"φέρω","neque",0
"φέρω","porto",1
"φέρω","regero",1
"φίλος","amiculus",1
"φίλος","amicus",1
"φίλος","inimicus",1
"φίλος","percarus",1
"φίλος","quicumque",0
"φανή","appareo",0
"φανή","facula",1
"φανή","illic",0
"φανή","lampadarius",1
"φανή","lampas",1
"φανή","opero",0
"φανή","peccatus",0
"φανός","lucidus",1
"φαρέτρα","corytos",1
"φαρέτρα","pharetra",1
"φατίζω","repromitto",1
"φελλώ","suber",1
"φελλώ","subereus",1
"φερεστέφανος","epinicium",1
"φθέγμα","loquela",1
"φιλάδελφος","sororius",1
"φιλέω","amo",1
"φιλέω","amor",0
"φιλέω","dilectio",0
"φιλέω","diligo",1
"φιλέω","osculo",1
"φιλέω","suauium",0
"φιλεραστία","amasio",1
"φιλορνιθία","mulierositas",0
"φλοιός","decortico",1
"φρυγία","laronia",0
"φρυγία","medica",0
"φρυγία","splanchnoptes",0
"φυγή","fuga",1
"φυγή","fugela",1
"φυγή","hiems",0
"φυγή","oratum",0
"φυγή","uolatura",1
"φυγή","vel",0
"φυλακτικός","recordatus",1
"φόως","illucesco",0
"φόως","illumino",0
"φόως","lucus",0
"φόως","lumen",1
"χάλκεος","ambulo",0
"χάλκεος","chalcaspis",0
"χάλκεος","chalceus",1
"χάλκεος","orichalcum",1
"χάλκεος","possum",0
"χαίρω","aue",0
"χαίρω","bene",0
"χαίρω","collaetor",1
"χαίρω","gaudeo",1
"χαίρω","have",0
"χαίρω","semper",0
"χαίρω","supergaudeo",1
"χαλκίς","chalcidice",1
"χαλκίς","dorcium",0
"χαλκίς","lacerta",1
"χαλκίς","trichias",1
"χαμαί","abeo",0
"χαμαί","atterraneus",1
"χαμαί","inhumo",0
"χαμαί","retrorsum",0
"χαμαί","subsolaneus",1
"χαμαί","tellus",0
"χαμαί","terra",0
"χαρακτηρίζω","depungo",1
"χατέω","indigeo",1
"χηνίσκος","cheniscus",1
"χλευαστής","illusor",1
"χλευαστής","irrisor",1
"χρή","gleucinus",0
"χρή","ito",0
"χρή","maledictio",0
"χρή","mellaceum",0
"χρή","procedo",0
"χρίω","exungo",1
"χρίω","oleo",0
"χρίω","perungo",1
"χρίω","superungo",1
"χρίω","toxico",1
"χρίω","ungo",1
"χρίω","vobiscum",0
"χρεμετίζω","elleborosus",0
"χρεμετίζω","hinnio",1
"χρεμετίζω","inhinnio",1
"χρεώ","indigeo",0
"χρεώ","necessitas",1
"χρεώ","penuria",1
"χρεώ","perindigeo",0
"χρεῖος","egeo",1
"χρεῖος","indigus",1
"χρεῖος","indiguus",1
"χρυσεῖον","argentifodina",0
"χρυσεῖον","arrugia",1
"χρυσεῖον","aurarius",1
"χρυσός","argentum",0
"χρυσός","aureus",1
"χρυσός","aurum",1
"χρυσός","maius",0
"χρυσότοξος","arcuatim",1
"χρυσόω","auratura",1
"χρυσόω","deauro",1
"χρυσόω","inauro",1
"χρυσόω","lapis",0
"χρυσόω","purpura",0
"χρόμαδος","crepulus",1
"χρόμαδος","fragosus",0
"χρόμαδος","intersono",0
"χρόμαδος","praesono",0
"χρόνος","desiduo",0
"χρόνος","factum",0
"χρόνος","ibi",0
"χρόνος","olim",0
"χρόνος","tempus",1
"χρόνος","uiuo",0
"χρύσεος","aurea",0
"χρύσεος","aureus",1
"χρύσεος","auro",1
"χρύσεος","aurum",1
"χρώς","callum",0
"χρώς","corpus",1
"χρώς","defero",0
"χρώς","egredior",0
"χρώς","languidus",0
"χρώς","membrana",1
"χρώς","pycnostylos",0
"χρώς","subadmoueo",0
"χυτός","choma",1
"χυτός","contumulo",1
"χυτός","latex",1
"χωλεύω","claudaster",0
"χωλεύω","claudeo",1
"χωλεύω","claudico",1
"χωλός","caecus",0
"χωλός","catax",1
"χωλός","claudicatio",1
"χωλός","claudus",1
"χωλός","habeo",0
"χωρέω","audio",0
"χωρέω","capio",0
"χωρέω","domus",0
"χωρέω","laecasin",0
"χωρέω","meo",0
"χωρέω","procedo",0
"χωρέω","semigro",0
"χωρέω","singulus",0
"χωρίον","emortuus",0
"χωρίον","factum",0
"χωρίον","ilico",0
"χωρίον","locus",1
"χωρίον","nihil",0
"χωρίον","sinis",0
"χωρίον","solifundium",0
"χωρίον","spatium",1
"χωρίς","segregatim",1
"χωρίς","separatim",1
"χώομαι","obirascor",1
"χώομαι","periratus",1
"χῶρος","consilium",0
"χῶρος","humus",1
"χῶρος","rus",0
"χῶρος","spatiolum",0
"χῶρος","statuo",0
"χῶρος","uilla",0
"ψάμαθος","saburra",1
"ψάμαθος","saburralis",1
"ψάρ","sturninus",1
"ψάρ","sturnus",1
"ψαρός","spumeus",1
"ψαρός","sturninus",1
"ψαρός","sturnus",1
"ψαύω","attingo",1
"ψαύω","stringo",1
"ψαύω","tactio",1
"ψαῦσις","compalpo",1
"ψαῦσις","contactus",1
"ψαῦσις","contages",1
"ψεδνός","caluatus",1
"ψεδνός","imperco",0
"ψεδνός","nudulus",1
"ψευδάγγελος","angarius",0
"ψευδάγγελος","falsiloquium",1
"ψευδάγγελος","mendaciloquus",1
"ψευδής","fallo",1
"ψευδής","falsiloquium",1
"ψευδής","mendaciloquus",1
"ψευδής","mendax",1
"ψευδής","periurus",1
"ψευδής","poto",0
"ψευδοκλητεία","subscriptio",1
"ψευστέω","mendaciloquus",1
"ψευστέω","pseudolus",1
"ψευστέω","uanidicus",1
"ψεύδω","diligo",0
"ψεύδω","fallo",1
"ψεύδω","mentior",1
"ψεύδω","ueritas",0
"ψεύστης","mendacem",0
"ψεύστης","mendaciloquus",1
"ψεύστης","mendax",1
"ψεύστης","pseudolus",0
"ψεύστης","ueritas",1
"ψεῦδος","ignoro",0
"ψεῦδος","leptopsephos",0
"ψεῦδος","mendacium",1
"ψεῦδος","mendax",1
"ψεῦδος","sophisma",1
"ψεῦδος","ueritas",1
"ψηφίς","emblema",0
"ψηφίς","praebia",0
"ψηφίς","silicarius",0
"ψηφίς","trichrus",0
"ψιάς","guttatim",0
"ψιάς","guttula",1
"ψιάς","stillanter",0
"ψιάς","superstillo",0
"ψιλός","nudo",1
"ψιλός","nudus",1
"ψιλός","renudus",1
"ψυχάζω","effoueo",1
"ψυχάζω","umbra",0
"ψυχάζω","umbrifer",0
"ψυχάζω","umbro",0
"ψυχή","anima",1
"ψυχή","animo",1
"ψυχή","ruratio",0
"ψυχή","uita",1
"ψυχρός","algidus",1
"ψυχρός","calidus",1
"ψυχρός","frigedo",1
"ψυχρός","frigida",1
"ψυχρός","frigidus",1
"ψυχρός","frigor",1
"ψυχρός","unius",0
"ψύχω","abundo",0
"ψύχω","frigefacto",1
"ψύχω","frigido",1
"ψύχω","infrigido",1
"ψύχω","quoniam",0
"ψύχω","refrigero",1
"ψύχω","refrigesco",0
"ψύχω","sitis",0
"ἀί̈ω","praeolo",1
"ἀγελαιοκομικός","pecuarius",1
"ἀγκυλόω","incuruesco",1
"ἀειμνημόνευτος","siquando",0
"ἀθεσία","infidelitas",1
"ἀθυμέω","afformido",1
"ἀκάκητα","uenialis",1
"ἀλλοτρίωσις","diametrum",1
"ἀμβολαδίς","rotator",1
"ἀμύντης","patronus",1
"ἀμύντης","propugnator",1
"ἀνάδυσις","retractus",1
"ἀνάκρασις","contempero",1
"ἀνέπαφος","illibatus",1
"ἀναβιβάζω","escendo",1
"ἀνανέω","reuenio",1
"ἀνδροκτόνος","interfectio",1
"ἀνεμόομαι","ornithias",0
"ἀνθίας","acharne",1
"ἀνθομολόγησις","testabilis",1
"ἀντιφυλακή","excubatio",1
"ἀντιφυλακή","noctuuigilus",1
"ἀπεύχομαι","sectiuus",0
"ἀποίχομαι","demorior",1
"ἀποκλεισμός","phylaca",1
"ἀποκρούω","decutio",1
"ἀπολείβω","stillo",1
"ἀπολοιδορέω","mufrius",1
"ἀποπιστεύω","fiduciarius",1
"ἀποπρεσβεία","famigeratio",1
"ἀποσκευή","stercus",1
"ἀποστρατεύομαι","missicius",1
"ἀποχωρίζω","abiungo",1
"ἀποχωρίζω","segrego",1
"ἀπρόσμαχος","exsuperabilis",1
"ἀπρόσμικτος","congialis",1
"ἀπταισία","leuor",1
"ἀπόλυσις","absolutorius",1
"ἀπόπληκτος","paralysis",1
"ἀπόσχισμα","eiectamentum",1
"ἀρνέομαι","nego",1
"ἀρρωστία","debilitas",1
"ἀρχιοινοχόος","praegustator",1
"ἀσφαλτοφόρος","bitumen",1
"ἀσφαλτοφόρος","bitumino",1
"ἀφιλότιμος","deliquus",0
"ἀφροντιστέω","dictamnum",0
"ἀχράς","precianus",1
"ἁγίζω","sacrifer",1
"ἁγιασμός","sanctificatio",1
"ἁδρέω","arboretum",1
"ἁπλότης","simplicitas",1
"ἁπλόω","pando",1
"ἁρμοζόντως","concuro",0
"ἄδυτος","delubrum",1
"ἄδυτος","inocciduus",1
"ἄελλα","cataegis",1
"ἄελλα","dine",0
"ἄελλα","rotatus",1
"ἄζω","arificus",0
"ἄζω","exsiccatio",1
"ἄζω","siccatio",1
"ἄζω","torrefacio",1
"ἄημι","adhalo",1
"ἄημι","afflo",1
"ἄημι","spiro",1
"ἄητος","insatiatus",1
"ἄητος","insaturatus",1
"ἄθαπτος","inhumatus",1
"ἄθαπτος","insepultus",1
"ἄθαπτος","intumulatus",1
"ἄθλιος","infelicito",1
"ἄθλιος","miser",1
"ἄθλιος","miserulus",1
"ἄθυρμα","delectamentum",1
"ἄθυρμα","libentia",1
"ἄθυρμα","ludimentum",1
"ἄθυρος","infrenis",1
"ἄθυρος","resutus",0
"ἄθως","aeneaeportus",0
"ἄθως","cleonae",0
"ἄκεσμα","colice",0
"ἄκεσμα","epitherapeusis",1
"ἄκεσμα","medela",1
"ἄκμηνος","deprandis",1
"ἄκμηνος","ieiunatio",1
"ἄκμηνος","ieiuniosus",1
"ἄκμηνος","impransus",1
"ἄκμων","callimus",0
"ἄκμων","incus",1
"ἄκμων","ualeria",1
"ἄκομος","calueo",1
"ἄκος","impetratus",0
"ἄκος","medela",1
"ἄκος","remedium",1
"ἄκοσμος","catonium",0
"ἄκοσμος","dialectica",0
"ἄκοσμος","mundipotens",0
"ἄκοσμος","supermundialis",0
"ἄκουσις","audientia",1
"ἄκουσις","auditio",1
"ἄκουσις","auditus",1
"ἄκρα","ecpyrosis",0
"ἄκρα","funditus",0
"ἄκρα","perdecipio",0
"ἄκρα","uertex",1
"ἄκρατος","bibo",0
"ἄκρατος","hic",0
"ἄκρατος","meratus",1
"ἄκρατος","merosus",1
"ἄκρατος","merum",1
"ἄκρατος","merus",0
"ἄκρατος","sincero",1
"ἄκρατος","uinus",0
"ἄκρις","cliuulus",1
"ἄκρις","colliculus",1
"ἄκρις","oreon",0
"ἄκρις","teba",1
"ἄκριτος","incerto",1
"ἄκριτος","incontritus",0
"ἄκριτος","inexpeditus",1
"ἄκριτος","nonne",0
"ἄκρον","finis",1
"ἄκρον","summitas",1
"ἄκρον","supremitas",1
"ἄκρον","uertex",1
"ἄκρος","aequor",0
"ἄκρος","eligo",0
"ἄκρος","superus",1
"ἄκρος","supremitas",1
"ἄκρος","suus",0
"ἄκρος","ulter",1
"ἄκτωρ","antesignanus",1
"ἄκτωρ","archipirata",1
"ἄκτωρ","ducalis",1
"ἄκτωρ","ducatrix",1
"ἄκων","dispensatio",0
"ἄκων","ego",0
"ἄκων","iaculum",1
"ἄκων","inuitus",0
"ἄκων","invitus",0
"ἄκων","uerutum",1
"ἄκων","uerutus",1
"ἄλαστος","inocciduus",0
"ἄλαστος","insolabiliter",1
"ἄλαστος","numquampostreddonides",0
"ἄλγος","dolentia",1
"ἄλγος","doleo",1
"ἄλγος","indoloris",0
"ἄλεισον","acetabulum",1
"ἄλεισον","scyphus",1
"ἄλειφαρ","olearis",1
"ἄλειφαρ","olearius",1
"ἄληκτος","interminabilis",1
"ἄληκτος","multatio",0
"ἄληκτος","pollen",0
"ἄληκτος","pollinarius",0
"ἄλκαρ","defensa",1
"ἄλκαρ","tutamentum",1
"ἄλκιμος","datus",0
"ἄλκιμος","fortificatio",1
"ἄλκιμος","incrasso",1
"ἄλκιμος","praemunitio",1
"ἄλληκτος","incessabilis",1
"ἄλληκτος","inexplacabilis",1
"ἄλληκτος","irremediabilis",1
"ἄλλος","alius",1
"ἄλλος","allium",0
"ἄλλος","alter",1
"ἄλλος","ceterus",1
"ἄλλοφος","cristula",0
"ἄλλοφος","iubatus",0
"ἄλλυδις","depraesentiarum",0
"ἄλλυδις","iam",0
"ἄλλυδις","iamiam",0
"ἄλλυδις","nunc",0
"ἄλοχος","acoetis",1
"ἄλοχος","paelex",1
"ἄλοχος","pallaca",1
"ἄλσις","crementum",1
"ἄλσις","incrementulum",1
"ἄλσος","cornetum",1
"ἄλσος","luculus",1
"ἄλσος","nemorensis",1
"ἄλσος","nemus",1
"ἄλτις","hagiographus",0
"ἄλτις","sacrifer",0
"ἄλυξις","defugio",1
"ἄλυξις","effugium",1
"ἄλυξις","elabor",1
"ἄλυς","aestuatio",1
"ἄλυς","commotio",1
"ἄλυς","commotus",1
"ἄλυς","inquietatio",1
"ἄλυτος","indissolubilis",1
"ἄλυτος","insolubilis",1
"ἄλυτος","irrefutabilis",1
"ἄλυτος","irresolubilis",1
"ἄλφιτον","hordeum",1
"ἄλφιτον","ptisana",1
"ἄλφιτον","ptisanarium",1
"ἄμαξα","hamaxa",1
"ἄμαξα","plaustrarius",0
"ἄμαξα","raeda",1
"ἄμαξα","uehes",1
"ἄμμορος","aconiti",0
"ἄμμορος","depilis",0
"ἄμμορος","inoffensus",0
"ἄμμος","harena",1
"ἄμμος","harenaceus",1
"ἄμμος","harenosus",1
"ἄμμος","marum",0
"ἄμμος","sabulosus",1
"ἄμμος","supra",0
"ἄμοτον","indeficiens",1
"ἄμοτον","perferus",1
"ἄμοτον","persaeuio",1
"ἄμοτον","uiolenter",1
"ἄμουσος","aconiti",0
"ἄμουσος","immusicus",1
"ἄμουσος","inoffensus",0
"ἄμπυξ","caballinus",0
"ἄμπυξ","diadematus",1
"ἄμπυξ","hosticapas",0
"ἄμπυξ","rota",1
"ἄμυδις","simitu",1
"ἄμυδις","uniuersaliter",1
"ἄμυδις","unose",1
"ἄμυξις","discerptio",1
"ἄμυξις","laceratio",1
"ἄμφω","alterutrimque",1
"ἄμφω","ambo",1
"ἄμφω","susquedeque",0
"ἄμφω","utrimque",1
"ἄνα","regulus",1
"ἄνα","rex",1
"ἄνα","teutomatus",0
"ἄνα","vocio",0
"ἄναντα","cliuulus",0
"ἄναντα","colliculus",0
"ἄναντα","teba",0
"ἄναντος","adamantis",0
"ἄναντος","incontritus",0
"ἄναντος","subtusus",0
"ἄναξ","arbitrator",1
"ἄναξ","dominus",1
"ἄναξ","erus",1
"ἄναξις","antarius",0
"ἄναξις","educatus",1
"ἄναξις","prolatus",0
"ἄναρχος","acephalus",1
"ἄναρχος","aconiti",0
"ἄναρχος","ducena",0
"ἄνασσα","diadema",0
"ἄνασσα","regina",1
"ἄνασσα","regius",1
"ἄνασσα","teuta",0
"ἄνδιχα","diuarico",1
"ἄνδιχα","indescriptus",0
"ἄνδιχα","seorsus",1
"ἄνδιχα","separatim",1
"ἄνειμι","laecasin",0
"ἄνειμι","occedo",1
"ἄνειμι","progredior",1
"ἄνειμι","surgo",1
"ἄνεμος","circumlaqueo",0
"ἄνεμος","eurus",1
"ἄνεμος","marum",0
"ἄνεμος","uentus",1
"ἄνεμος","vento",0
"ἄνεμος","ventus",1
"ἄνευ","aconiti",0
"ἄνευ","depilis",0
"ἄνευ","fio",0
"ἄνευ","inoffensus",0
"ἄνευ","murmuratio",0
"ἄνευ","sinis",0
"ἄνευ","verbo",0
"ἄνευθε","absitus",0
"ἄνευθε","apage",0
"ἄνευθε","auolo",0
"ἄνευθε","procul",1
"ἄνθη","effloreo",1
"ἄνθη","effloresco",1
"ἄνθη","refloresco",1
"ἄνθος","effloreo",1
"ἄνθος","effloresco",1
"ἄνθος","faenum",0
"ἄνθος","floreo",1
"ἄνθος","flos",1
"ἄνθος","humilito",0
"ἄνθρωπος","binubus",0
"ἄνθρωπος","callinicus",0
"ἄνθρωπος","dico",0
"ἄνθρωπος","homo",1
"ἄνθρωπος","plantavit",0
"ἄνθρωπος","uir",1
"ἄνοος","excors",1
"ἄνοος","intellectualitas",0
"ἄνοος","intellectus",0
"ἄντα","contra",1
"ἄντα","obiaceo",1
"ἄντα","oppono",1
"ἄντη","precatio",1
"ἄντη","precatus",1
"ἄντην","coram",1
"ἄντην","incoram",1
"ἄντιτος","inultus",0
"ἄντιτος","ultio",1
"ἄντομαι","conuento",1
"ἄντομαι","obuiam",1
"ἄντομαι","occursito",1
"ἄντομαι","offaueo",1
"ἄντυξ","absis",1
"ἄντυξ","flexo",1
"ἄντυξ","orbis",1
"ἄνυσις","impetratio",1
"ἄνυσις","intercapedo",0
"ἄνυσις","interstitio",0
"ἄνω","deinsuper",0
"ἄνω","supernus",0
"ἄνω","supra",0
"ἄνω","sursum",0
"ἄξυλος","lignarius",0
"ἄξυλος","palumbinus",0
"ἄξυλος","surculaceus",0
"ἄξων","circumuerto",0
"ἄξων","dimensio",1
"ἄξων","polus",1
"ἄορ","cingulum",0
"ἄορ","cornuatus",0
"ἄορ","machaera",1
"ἄορ","telum",1
"ἄουτος","columis",1
"ἄουτος","inuulneratus",1
"ἄπαστος","epastus",0
"ἄπαστος","incenatus",1
"ἄπαστος","ingustabilis",0
"ἄπιστος","apud",0
"ἄπιστος","fidelis",0
"ἄπιστος","incredibilis",1
"ἄπιστος","incredulus",1
"ἄπιστος","infidelis",1
"ἄπιστος","nonne",0
"ἄποινα","redempto",1
"ἄποινα","resipisco",0
"ἄποινα","saluo",0
"ἄποτμος","aegreo",0
"ἄποτμος","astrosus",1
"ἄποτμος","infelicito",1
"ἄπρακτος","infectus",1
"ἄπρακτος","postfactus",0
"ἄπρακτος","praefectus",0
"ἄπρακτος","semicoctus",0
"ἄπυρος","cremo",0
"ἄπυρος","igninus",0
"ἄπυρος","incendefacio",0
"ἄπυρος","incendium",0
"ἄπωσις","detrusio",1
"ἄπωσις","exterminium",1
"ἄπωσις","obtrusio",1
"ἄπωσις","repulsus",1
"ἄραβος","frendor",1
"ἄραβος","substridens",1
"ἄραβος","suffrendens",1
"ἄρδω","adaquo",1
"ἄρδω","riguus",1
"ἄρδω","surriguus",1
"ἄρεος","uer",0
"ἄρεος","uerculum",0
"ἄριστον","prandeo",1
"ἄριστον","prandium",1
"ἄριστον","pransito",1
"ἄριστον","pransorius",1
"ἄριστος","boletus",0
"ἄριστος","flos",1
"ἄριστος","inuito",0
"ἄριστος","optimas",1
"ἄριστος","pharisaeus",0
"ἄριστος","prandium",0
"ἄριστος","quare",0
"ἄρκεσις","adiumentum",1
"ἄρκεσις","adiutus",1
"ἄρκεσις","iuuamen",1
"ἄρκεσις","iuuamentum",1
"ἄρκεσις","prudens",0
"ἄρκεσις","sufficio",0
"ἄρκιον","manifolium",1
"ἄρκιον","personata",1
"ἄρκιος","adadunephros",0
"ἄρκιος","indubitatus",1
"ἄρκιος","quadantenus",0
"ἄρκος","dedo",0
"ἄρκος","defensa",1
"ἄρκος","ingesto",0
"ἄρκος","os",0
"ἄρκος","tutamentum",1
"ἄρκος","ursus",1
"ἄρκτος","arctos",1
"ἄρκτος","ingesto",0
"ἄρκτος","ursa",1
"ἄρκτος","ursus",1
"ἄρνυμαι","lucrifico",1
"ἄρνυμαι","lucror",1
"ἄρον","coccyx",0
"ἄρον","cuculus",0
"ἄρον","nubis",0
"ἄρον","o",0
"ἄρος","adiuuo",1
"ἄρος","igitur",0
"ἄρος","ita",0
"ἄρος","opicillum",1
"ἄρος","puto",0
"ἄρος","quaesticulus",1
"ἄρος","usus",1
"ἄροσις","agraticum",0
"ἄροσις","circumluuio",0
"ἄροσις","decempedator",0
"ἄροτρον","arater",1
"ἄροτρον","aratro",1
"ἄροτρον","aspicio",0
"ἄροτρον","nemo",0
"ἄροτρον","retro",0
"ἄρουρα","tellus",1
"ἄρουρα","terrestris",1
"ἄρρηκτος","inabruptus",1
"ἄρρηκτος","infractus",1
"ἄρρηκτος","inquassatus",1
"ἄρρηκτος","irruptus",1
"ἄρρωστος","perimbecillus",1
"ἄρρωστος","perinfirmus",1
"ἄρσος","inuicem",0
"ἄρσος","relinquo",1
"ἄρτιος","artius",1
"ἄρτιος","etiamnum",0
"ἄρτιος","inaequo",0
"ἄρτιος","instructus",0
"ἄρτιος","libratura",0
"ἄρτιος","perficio",1
"ἄρχω","coepi",1
"ἄρχω","incipisso",1
"ἄρχω","ordior",1
"ἄρχω","princeps",1
"ἄρχω","principio",1
"ἄρχω","veniebant",0
"ἄσαρκος","carnosus",1
"ἄσαρκος","caruncula",1
"ἄση","appetentia",1
"ἄση","concupiscentia",1
"ἄσθμα","anhelitus",1
"ἄσθμα","halatio",1
"ἄσθμα","suspirium",1
"ἄσιος","pratulum",0
"ἄσιος","pratum",0
"ἄσις","illimis",0
"ἄσις","limaceus",1
"ἄσις","limigenus",1
"ἄσις","lutarius",1
"ἄσκοπος","incogitatus",1
"ἄσκοπος","inconsideratio",1
"ἄσκοπος","inuisitatus",1
"ἄσπερμος","propages",0
"ἄσπερμος","semen",0
"ἄσπερμος","semento",0
"ἄσπετος","inenuntiabilis",1
"ἄσπετος","infandus",1
"ἄσπετος","innumerabilis",1
"ἄσπετος","irrecitabiliter",1
"ἄσταχυς","farreus",1
"ἄσταχυς","inaures",0
"ἄσταχυς","urruncum",1
"ἄστρον","astralis",1
"ἄστρον","astricus",1
"ἄστρον","iam",0
"ἄστρον","sidus",1
"ἄστρον","sol",0
"ἄστρον","stello",0
"ἄστυ","oppidanus",1
"ἄστυ","oppidum",1
"ἄστυ","vesperies",0
"ἄστυ","vetera",0
"ἄσχετος","ferocio",0
"ἄσχετος","indomitus",1
"ἄσχετος","irregibilis",1
"ἄτερ","at",0
"ἄτερ","numquid",0
"ἄτερ","oportunitatem",0
"ἄτερ","perdiuisus",1
"ἄτερ","segrex",1
"ἄτερ","seorsus",1
"ἄτερ","separatim",1
"ἄτερ","sinis",0
"ἄτη","infatuatio",1
"ἄτη","pernicies",1
"ἄτη","pestis",1
"ἄτιτος","imputribilis",0
"ἄτιτος","multatio",0
"ἄτρομος","impauidus",1
"ἄτρομος","securus",1
"ἄϊστος","inaspectus",1
"ἄϊστος","inconscius",1
"ἄϊστος","inuisitatus",1
"ἐγκατοικοδομέω","coaedifico",1
"ἐγκατοικοδομέω","perstruo",1
"ἐδωδή","esca",1
"ἐκθηριόω","perferus",1
"ἐκλαλέω","effutio",1
"ἐκμανής","percrudus",0
"ἐκστέλλω","euergo",1
"ἐλάττωμα","amissus",1
"ἐλαφόστικτος","ceruarius",1
"ἐμβριθής","ponderosus",1
"ἐνήλωσις","gomphus",1
"ἐναποτίνω","litigium",1
"ἐνδόσιμος","clauis",0
"ἐνελίσσω","circumuestio",1
"ἐντυπή","proplasma",1
"ἐξίσχω","promineo",1
"ἐξαιμάτωσις","haematinus",0
"ἐξαιφνίδιος","obticentia",0
"ἐξαιφνίδιος","subitaneus",1
"ἐξαντλέω","exanclo",1
"ἐξαπίνης","derepente",1
"ἐξαπίνης","subitaneus",1
"ἐξεναρίζω","leto",1
"ἐξεργαστικός","dialogista",0
"ἐξομηρεύω","internecto",1
"ἐξορισμός","amandatio",1
"ἐξωθέω","extrudo",1
"ἐπίδεσις","religatio",1
"ἐπίστρεπτος","uersilis",1
"ἐπίφθονος","inuidiosus",1
"ἐπαναχωρέω","regressus",1
"ἐπαναχωρέω","reuerticulum",1
"ἐπαυρίζω","insufflo",1
"ἐπικλάζω","praesono",1
"ἐπικλυτός","famigeratus",1
"ἐπιπόρπημα","pallula",1
"ἐπιστένω","congemo",1
"ἐπιστένω","ingemo",1
"ἐπιστασία","dominatio",1
"ἐπισυγκροτέω","cooperor",1
"ἐπιταφέω","impraesentiarum",0
"ἐπιταφέω","munifico",0
"ἐπιτοξάζομαι","congermino",1
"ἐπιφάνεια","aspectus",1
"ἐπιφύω","inhaeresco",1
"ἐπιχρώννυμι","perlino",1
"ἐπολοφύρομαι","eiulo",1
"ἐρεθιστής","praeuarus",0
"ἐρινεός","caprificus",0
"ἐριστικός","altercatio",1
"ἐφάμιλλος","aequalitas",1
"ἐφέστιος","domesticus",1
"ἐφολκή","tentigo",1
"ἐχυρότης","neruositas",0
"ἐχυρότης","uiriculae",1
"ἑνδέκατος","undecimus",1
"ἔα","ha",1
"ἔα","hem",1
"ἔα","oho",1
"ἔαρ","exsilio",0
"ἔαρ","uer",1
"ἔαρ","uerculum",1
"ἔγκειμαι","iaceo",0
"ἔγκειμαι","inseruio",1
"ἔγκειμαι","insum",1
"ἔγκειμαι","subsum",0
"ἔγχελυς","anguilla",1
"ἔγχελυς","conger",1
"ἔγχος","armifer",0
"ἔγχος","machaera",1
"ἔγχος","quiris",1
"ἔγχος","uenabulum",1
"ἔγχυμος","sucosus",1
"ἔδω","conuoro",1
"ἔδω","esco",1
"ἔδω","esito",1
"ἔθειρα","caesaries",0
"ἔθειρα","iuba",1
"ἔθειρα","iubatus",0
"ἔθνος","eos",0
"ἔθνος","gens",1
"ἔθνος","plebs",0
"ἔθνος","prouincia",0
"ἔθνος","prouincialis",0
"ἔθνος","prouinciatim",0
"ἔθω","assoleo",1
"ἔθω","nosco",0
"ἔθω","pono",0
"ἔθω","populus",0
"ἔθω","solito",1
"ἔθω","sueo",1
"ἔθω","unumquodque",0
"ἔναυσμα","scintillula",1
"ἔνεδρος","inquilino",1
"ἔνορχος","sollus",1
"ἔχιδνα","uipera",1
"ἕλειος","hibiscum",0
"ἠέριος","aeroides",0
"ἠέριος","flabralis",0
"ἠέριος","praematurus",1
"ἠέριος","propediem",0
"ἠβαιός","gry",0
"ἠβαιός","hilum",1
"ἠβαιός","saltem",0
"ἠγάθεος","sacrosanctus",1
"ἠγάθεος","sanctifico",0
"ἠγερέθομαι","conueho",1
"ἠγερέθομαι","grego",1
"ἠγερέθομαι","uindemio",0
"ἠδέ","et",1
"ἠδέ","neue",0
"ἠδέ","susquedeque",0
"ἠδέ","utrimque",0
"ἠερέθομαι","nutamen",0
"ἠερέθομαι","pneumaticus",1
"ἠερέθομαι","praependeo",0
"ἠεροειδής","nebulosus",1
"ἠεροειδής","nubilosus",1
"ἠεροφοῖτις","inaspectus",0
"ἠεροφοῖτις","tenebellae",0
"ἠεροφοῖτις","uentio",0
"ἠερόεις","liuido",0
"ἠερόεις","nubilosus",1
"ἠερόφωνος","magnisonans",0
"ἠερόφωνος","magnisonus",1
"ἠερόφωνος","multisonus",0
"ἠερόφωνος","undisonus",0
"ἠθέω","contentus",0
"ἠθέω","cribro",1
"ἠθέω","exstillo",0
"ἠθέω","succerno",1
"ἠθεῖος","fidelis",1
"ἠθεῖος","perfidelis",1
"ἠλάσκω","aderro",1
"ἠλάσκω","dispalor",1
"ἠλάσκω","pererro",1
"ἠλέκτωρ","insolo",0
"ἠλέκτωρ","lucifluus",1
"ἠλέκτωρ","soligena",0
"ἠλίβατος","arduus",1
"ἠλίβατος","bupaeda",0
"ἠλίβατος","inormis",1
"ἠλίβατος","praealtus",1
"ἠλακάτη","canna",1
"ἠλακάτη","condylus",1
"ἠλασκάζω","aufugio",1
"ἠλασκάζω","suffugio",1
"ἠλεός","cerritus",1
"ἠλεός","maniosus",1
"ἠλεός","uacerrosus",1
"ἠλιτόμηνος","epimenia",0
"ἠλιτόμηνος","immaturus",1
"ἠλιτόμηνος","semestrium",0
"ἠμάτιος","indies",0
"ἠμάτιος","itis",0
"ἠμάτιος","subdiu",1
"ἠμέν","alterutrimque",0
"ἠμέν","ambo",0
"ἠμέν","susquedeque",0
"ἠμέν","utrimque",0
"ἠμί","autem",0
"ἠμί","dico",1
"ἠμί","eos",0
"ἠμί","iesus",0
"ἠμί","inquam",1
"ἠμί","redico",0
"ἠμί","sum",0
"ἠμαθόεις","harenaceus",1
"ἠμαθόεις","harenosus",1
"ἠμύω","cado",1
"ἠμύω","collabor",1
"ἠμύω","corruo",1
"ἠνεμόεις","aerius",1
"ἠνεμόεις","flabralis",1
"ἠνεμόεις","hypenemius",1
"ἠνεμόεις","urinus",1
"ἠνορέη","euiratio",0
"ἠνορέη","pubertas",1
"ἠνορέη","uirilitas",1
"ἠπεδανός","homunculus",1
"ἠπεδανός","sublestus",1
"ἠπεδανός","tenuiculus",1
"ἠπεροπευτής","deceptor",1
"ἠπεροπευτής","delusor",1
"ἠπεροπευτής","fraudator",1
"ἠπεροπεύω","corruptela",0
"ἠπεροπεύω","nugor",1
"ἠπεροπεύω","sublecto",1
"ἠπιόδωρος","largificus",1
"ἠπιόδωρος","mitigatorius",0
"ἠπιόδωρος","temperatiuus",0
"ἠπιόω","attrecto",0
"ἠπιόω","immitigabilis",0
"ἠπιόω","indolesco",0
"ἠπιόω","perpudesco",0
"ἠπύτα","boatus",1
"ἠπύτα","exclamatio",1
"ἠπύτα","succlamatio",1
"ἠπύω","accio",1
"ἠπύω","indigeto",1
"ἠπύω","inuoco",1
"ἠπύω","unco",1
"ἠρίον","contumulo",1
"ἠρίον","tumba",1
"ἠρίον","tumulus",1
"ἠριγένεια","mane",1
"ἠριγένεια","matutinalis",1
"ἠριγένεια","matutinus",1
"ἠχέω","persono",1
"ἠχέω","praesono",0
"ἠχέω","uagio",1
"ἠχή","caritas",0
"ἠχή","cymbalum",0
"ἠχή","lingua",0
"ἠχή","opploro",0
"ἠχή","persono",0
"ἠχή","sonor",1
"ἠχή","tinnio",0
"ἠχή","uagio",0
"ἠχήεις","altisonus",0
"ἠχήεις","grandisonus",0
"ἠχήεις","undisonus",0
"ἠϊών","catonium",0
"ἠϊών","litoreus",1
"ἠϊών","litorosus",1
"ἠύ̈ς","fortesco",0
"ἠύ̈ς","forticulus",0
"ἠύ̈τε","abusque",0
"ἠύ̈τε","ceu",1
"ἠύ̈τε","uelut",1
"ἠώς","aurora",1
"ἠώς","eos",1
"ἠώς","itis",0
"ἠώς","mane",1
"ἠῶθεν","mane",1
"ἠῶθεν","manico",0
"ἠῶθεν","matutinus",1
"ἡβάσκω","pubertas",1
"ἡβάω","ephebia",0
"ἡβάω","iuuenta",1
"ἡβάω","iuuentus",1
"ἡβάω","pubeda",1
"ἡγέομαι","arbitror",0
"ἡγέομαι","deduco",1
"ἡγέομαι","duco",1
"ἡγέομαι","existimo",0
"ἡγέομαι","molybdus",0
"ἡγήτωρ","antesignanus",1
"ἡγήτωρ","coryphaeus",1
"ἡγήτωρ","ducianus",0
"ἡγεμονεύω","cyrino",0
"ἡγεμονεύω","descriptio",0
"ἡγεμονεύω","ductito",1
"ἡγεμονεύω","molybdus",0
"ἡγεμονεύω","perducto",1
"ἡγεμών","coryphaeus",1
"ἡγεμών","dux",1
"ἡγεμών","imperator",1
"ἡγεμών","praeses",1
"ἡγεμών","praesidero",0
"ἡγεμών","praesidium",0
"ἡγεμών","praetor",1
"ἡγητήρ","pompilus",1
"ἡδυεπής","dulciorelocus",1
"ἡδυεπής","suauiloquens",1
"ἡδυεπής","suauisonus",1
"ἡδύς","dulce",1
"ἡδύς","laetus",0
"ἡδύς","libet",0
"ἡδύς","peramoenus",0
"ἡδύς","sitis",0
"ἡδύς","suauis",1
"ἡδύς","suffero",0
"ἡλικία","aetas",1
"ἡλικία","aeuum",1
"ἡλικία","sto",0
"ἡμέρα","dies",1
"ἡμέρα","indies",0
"ἡμέρα","itis",1
"ἡμέρα","post",0
"ἡμέρα","templum",0
"ἡμέτερος","deuito",0
"ἡμέτερος","devita",0
"ἡμέτερος","erus",0
"ἡμέτερος","filio",0
"ἡμέτερος","noster",1
"ἡμέτερος","nostratim",0
"ἡμέτερος","resto",0
"ἡμίθεος","hemitheus",0
"ἡμίθεος","quinque",0
"ἡμίθεος","quinquessis",0
"ἡμίθεος","semideus",1
"ἡμίθραυστος","sesquiobolus",0
"ἡμίονος","burdo",1
"ἡμίονος","hemicillus",1
"ἡμίονος","mula",1
"ἡμίονος","mulio",0
"ἡμίφωνος","semihomo",0
"ἡμίφωνος","semiuocalis",1
"ἡμιδαής","semihomo",0
"ἡμιδαής","semiieiunia",0
"ἡμιδαής","semilacer",1
"ἡμιδαής","semimetopia",0
"ἡμιπέλεκκον","bipennifer",0
"ἡμιπέλεκκον","securifer",0
"ἡμιτάλαντον","hemiolios",0
"ἡμιτάλαντον","sesquicyathus",0
"ἡμιτάλαντον","sesquiiugerum",0
"ἡμιόνειος","mularis",1
"ἡμιόνειος","mulinus",1
"ἡνία","infreno",0
"ἡνία","laeua",0
"ἡνία","lorum",1
"ἡνία","monoloris",0
"ἡνίοχος","auriga",1
"ἡνίοχος","desponsor",0
"ἡνίοχος","uecturarius",0
"ἡνιοχεύς","capella",1
"ἡνιοχεύς","caper",0
"ἡνιοχεύς","hydrochous",0
"ἡνιοχεύς","sagittipotens",0
"ἡνιοχεύω","aurigalis",0
"ἡνιοχεύω","aurigo",1
"ἡνιοχεύω","automedon",0
"ἡνιοχεύω","praemonstro",1
"ἡράκλειος","batiaca",0
"ἡράκλειος","ciborium",0
"ἡρακλέης","comparilis",0
"ἡρακλέης","similigenus",0
"ἡσυχάω","castitas",0
"ἡσυχάω","pietas",0
"ἤ","aut",1
"ἤ","pancratice",0
"ἤ","subinde",0
"ἤ","tu",0
"ἤ","uel",0
"ἤ","vel",1
"ἤδη","hora",0
"ἤδη","iam",1
"ἤδη","iamiam",1
"ἤδη","medio",0
"ἤδη","nunc",1
"ἤκεστος","distimulo",0
"ἤκεστος","indelibatus",0
"ἤκιστος","bombinator",0
"ἤκιστος","halagora",0
"ἤκιστος","rapistrum",0
"ἤλιθα","demagis",1
"ἤλιθα","incassus",1
"ἤλιθα","praelongo",0
"ἤπειρος","agraticum",0
"ἤπειρος","circumluuio",0
"ἤπειρος","collina",0
"ἤπειρος","terrestris",0
"ἤπιος","emollio",1
"ἤπιος","mansues",1
"ἤπιος","mansuetum",0
"ἤπιος","mitesco",1
"ἤπιος","mitificus",1
"ἤπιος","patior",0
"ἤπιος","servum",0
"ἤτε","aut",0
"ἤτε","necne",0
"ἤτε","ue",0
"ἤτε","uel",0
"ἤϊα","adiudico",0
"ἤϊα","cellarium",0
"ἤϊα","emancipo",0
"ἤϊα","palearis",0
"ἥβη","iuuenilitas",1
"ἥβη","iuuenta",1
"ἥβη","iuuentus",1
"ἥδομαι","aggaudeo",1
"ἥδομαι","iucundo",1
"ἥδομαι","iuuo",1
"ἥκω","hora",0
"ἥκω","introuenio",1
"ἥκω","occido",0
"ἥκω","procedo",0
"ἥκω","subeo",0
"ἥκω","transuenio",1
"ἥκω","uenio",0
"ἥκω","venit",0
"ἥλιος","apricus",0
"ἥλιος","itis",0
"ἥλιος","luno",0
"ἥλιος","sol",1
"ἥμερος","dies",0
"ἥμερος","ille",0
"ἥμερος","intercultus",0
"ἥμερος","mansuesco",1
"ἥμερος","melanthium",0
"ἥμερος","melaspermon",0
"ἥμισυς","dimidium",1
"ἥμισυς","licet",0
"ἥμισυς","semifer",0
"ἥμισυς","semiieiunia",0
"ἥμισυς","semimetopia",0
"ἥμισυς","tres",0
"ἥμων","lapidator",1
"ἥμων","petrabulum",1
"ἥμων","strator",0
"ἥρα","nouenarius",0
"ἥρα","nouennis",0
"ἥρως","heros",1
"ἥρως","indigetes",1
"ἥρως","quartus",0
"ἥσσων","convenitis",0
"ἥσσων","deterior",1
"ἥσσων","impendo",0
"ἥσσων","libet",0
"ἥσσων","minoro",1
"ἥσσων","praeterpropter",0
"ἥσσων","secundus",0
"ἥσσων","subdimidius",0
"ἥσυχος","locuples",0
"ἥσυχος","modestus",1
"ἥσυχος","otiosus",1
"ἥσυχος","placidulus",1
"ἥσυχος","quiesco",1
"ἥσυχος","quietum",1
"ἥφαιστος","enneas",0
"ἥφαιστος","nonies",0
"ἦ","luceo",0
"ἦ","summa",0
"ἦ","summula",0
"ἦ","uidelicet",0
"ἦδος","delectamentum",1
"ἦδος","oblectamen",1
"ἦθος","consuetudo",1
"ἦθος","epignomus",0
"ἦθος","evigilate",0
"ἦθος","ignorantia",0
"ἦθος","iustus",0
"ἦθος","mos",1
"ἦθος","olympio",0
"ἦθος","reverentiam",0
"ἦκα","pauxillus",1
"ἦκα","semispatha",0
"ἦκα","summissim",0
"ἦμαρ","hemeresios",0
"ἦμαρ","itis",1
"ἦμαρ","postridie",0
"ἦμος","desiduo",0
"ἦμος","diu",0
"ἦμος","tamdiu",0
"ἦμος","tantisper",0
"ἦνοψ","astreans",0
"ἦνοψ","incontemplabilis",0
"ἦνοψ","praetersum",0
"ἦρι","mane",1
"ἦρι","matutinalis",1
"ἦρι","matutinus",1
"ἦτε","edo",0
"ἦτε","sinis",0
"ἦτε","ut",0
"ἦτε","videmus",0
"ἦτορ","cor",1
"ἦτορ","cordicitus",0
"ἦτορ","praecordia",1
"ἧλος","clauus",1
"ἧλος","conclauo",0
"ἧλος","gomphus",1
"ἧμα","uerutum",1
"ἧμα","uerutus",0
"ἧμαι","desideo",1
"ἧμαι","interlateo",1
"ἧμαι","latito",1
"ἧμαι","sedeo",0
"ἧπαρ","hepatia",1
"ἧπαρ","iecur",1
"ἧπαρ","iocinor",0
"ἧπαρ","praegno",0
"ἧσις","aegyptilla",0
"ἧσις","porphyrites",0
"ἧσις","suche",0
"ἧσις","taposiris",0
"ἧχι","qualibet",1
"ἧχι","quanam",1
"ἧχι","turdarium",0
"ἰοβολέω","toxicum",0
"ἱεραγωγός","asportatio",1
"ἱππόμαχος","dimachae",1
"ὀβριμοεργός","opificium",1
"ὀγκηρός","uastulus",1
"ὀλίγος","breuis",1
"ὀλίγος","modicum",0
"ὀλίγος","paucus",1
"ὀλίγος","paulus",1
"ὀλίγος","pauxillus",1
"ὀλίγος","propter",0
"ὀλίγος","semispatha",0
"ὀλετήρ","interfector",1
"ὀλετήρ","peremptor",1
"ὀξυπευκής","mucronatus",1
"ὀξυπευκής","pennus",1
"ὀπή","caulae",1
"ὀπή","cavernis",0
"ὀπή","dulcis",0
"ὀπή","emano",0
"ὀπή","foramen",1
"ὀπή","fumariolum",0
"ὀρχέομαι","lamentavimus",0
"ὀρχέομαι","lamento",0
"ὀρχέομαι","praesulto",1
"ὀρχέομαι","saltastis",0
"ὀρχέομαι","saltatio",0
"ὀρχέομαι","saltatus",0
"ὀφρυάω","cliuosus",1
"ὀχλέω","affero",0
"ὀχλέω","curo",0
"ὀχλέω","obigito",1
"ὀχλέω","turbido",1
"ὀχλέω","turbulento",1
"ὀψείω","peroptato",0
"ὀψείω","redopto",0
"ὀψείω","reuideo",0
"ὁδός","deuortium",0
"ὁδός","iter",1
"ὁδός","trames",1
"ὁδός","uia",1
"ὁδός","uio",0
"ὁδός","via",1
"ὁδός","viam",0
"ὁμοδοξία","unanimitas",1
"ὁμόκλινος","accubitio",1
"ὁμόκλινος","accubitus",1
"ὁμόρροθος","remigatio",1
"ὁμότροφος","herbilis",0
"ὁποσαχοῦ","quotcumque",1
"ὁποσαχοῦ","quotlibet",1
"ὄλβιος","beo",0
"ὄλβιος","felicito",0
"ὄρος","desero",1
"ὄρος","mons",1
"ὄρος","oliuetum",0
"ὄρος","olivarum",0
"ὄρος","paroecia",1
"ὄρος","pergo",0
"ὄρος","teba",1
"ὑδατόχολος","biliosus",1
"ὑλάω","heluus",0
"ὑλάω","illatro",1
"ὑλάω","latro",1
"ὑλαῖος","materialis",1
"ὑμέτερος","tuus",1
"ὑπέχω","abeo",0
"ὑπέχω","exemplum",0
"ὑπέχω","subiaceo",1
"ὑπέχω","subicio",1
"ὑπέχω","suffero",1
"ὑπεκφεύγω","elabor",1
"ὑπεκφεύγω","suffugio",1
"ὑπερήμισυς","semihomo",0
"ὑπερήμισυς","sesqui",1
"ὑπεραβέλτερος","persimplex",1
"ὑπεραρέσκω","perplaceo",1
"ὑπερπόντιος","pelagicus",1
"ὑπερστατέω","supermunio",1
"ὑπνώδης","soporifer",1
"ὑποκινέω","motito",1
"ὑποκλέπτω","suffuror",1
"ὑποταρβέω","afformido",1
"ὑφέλκω","eriuo",1
"ὑφέλκω","riuo",1
"ὑφέλκω","supertraho",1
"ὑφήγησις","rectio",1
"ὑψηλός","altum",0
"ὑψηλός","celsus",1
"ὑψηλός","excelsus",0
"ὑψηλός","orthius",1
"ὑψηλός","perexcelsus",0
"ὑψηλός","post",0
"ὑψηλός","sublimis",1
"ὑψιμέλαθρος","peraedificatus",1
"ὕβρις","diminuo",0
"ὕβρις","facinus",0
"ὕβρις","infirmitas",0
"ὕβρις","infirmo",0
"ὕβρις","iniuria",1
"ὕβρις","uiolo",0
"ὕδωρ","aqua",1
"ὕδωρ","baptizo",0
"ὕδωρ","ecce",0
"ὕδωρ","fluento",0
"ὕδωρ","lymphor",1
"ὕδωρ","meio",0
"ὕδωρ","sicut",0
"ὕνις","rallum",0
"ὕνις","uomer",1
"ὕφαλος","fluento",0
"ὕψι","altisonus",0
"ὕψι","sublimen",1
"ὕψι","sublimitus",1
"ὠδίς","dolor",1
"ὠδίς","inferni",0
"ὠδίς","nascentia",0
"ὠδίς","nixus",0
"ὠδίς","odinolytes",0
"ὠδίς","parturibundus",0
"ὠδίς","teneo",0
"ὠκεανός","abauunculus",0
"ὠκεανός","atauus",0
"ὠκυπέτης","acupedius",1
"ὠκυπέτης","celox",1
"ὠκυπέτης","praeuelox",0
"ὠκυπέτης","properipes",1
"ὠκύροος","fluxura",0
"ὠκύροος","manamen",0
"ὠκύς","praeceler",1
"ὠκύς","praeuelox",1
"ὠκύς","uelox",1
"ὠμηστής","omophagia",1
"ὠμηστής","perferus",1
"ὠμηστής","succrudus",0
"ὠμογέρων","anus",0
"ὠμογέρων","peruetustus",0
"ὠμογέρων","seniculus",0
"ὠμόλινον","mantele",1
"ὠμός","crudus",1
"ὠμός","incoctus",1
"ὠμός","percrudus",1
"ὠμόφαγος","carniuorus",1
"ὠμόφαγος","omophagia",0
"ὠμόφαγος","succrudus",0
"ὠρίων","hydrochous",0
"ὠρίων","jugula",1
"ὠτειλή","conuulnero",0
"ὠτειλή","uulnifico",0
"ὠτώεις","inauritus",1
"ὠτώεις","percolopo",0
"ὠτώεις","pterotos",0
"ὠχρίασις","luror",1
"ὡς","adquo",1
"ὡς","autem",0
"ὡς","quantus",0
"ὡς","sicut",1
"ὡς","ut",1
"ὤλενος","achaia",0
"ὤλενος","dyme",0
"ὥρα","adulescentia",0
"ὥρα","annus",1
"ὥρα","hora",1
"ὥρα","illa",0
"ὥρα","tempus",1
"ὦμος","armus",1
"ὦμος","importabilis",0
"ὦμος","inpono",0
"ὦμος","invenerit",0
"ὦμος","succollo",0
"ὦμος","umerus",1
"ὦνος","commercor",1
"ὦνος","praestino",1
"ὦνος","v",0
"ὦρος","dormitatio",1
"ὦρος","perdormisco",1
"ὦρος","soporus",1
"ὦσις","detrusio",1
"ὦσις","diligo",0
"ὦσις","impulsus",1
"ὦσις","mundus",0
"ὦσις","obtrusio",1
"ὦσις","pulsus",1
"ὦσις","serva",0
"ὦσις","venio",0
"ὦχρος","giluus",1
"ὦχρος","luror",1
"ὦχρος","pallor",1
"ὧδε","generatio",0
"ὧδε","hic",0
"ὧδε","horsum",1
"ὧδε","huc",1
"ὧδε","ita",1
"ὧδε","sicut",1
"ὧδε","surgo",0
"ῥέα","exorabilis",1
"ῥέα","indifficulter",1
"ῥέα","leuisomnus",0
"ῥέω","decurro",1
"ῥέω","fluo",1
"ῥέω","proliceo",1
"ῥέω","refluo",1
"ῥέω","scriptura",0
"ῥέω","vivae",0
"ῥίον","heluus",0
"ῥαδινός","praetener",1
"ῥαχός","saepicula",1
"ῥεῖα","exorabilis",0
"ῥεῖα","indifficulter",1
"ῥεῖα","leuisomnus",0
"ῥηκτός","forabilis",1
"ῥηκτός","penetrabilis",1
"ῥηκτός","scriptilis",0
"ῥοάς","pomarius",1
"ῥοάς","pomifer",1
"ῥοή","amnis",1
"ῥοή","fluentum",1
"ῥοή","flumen",1
"ῥοώδης","cursura",1
"ῥυσίδιφρος","currulis",1
"ῥυτήρ","amentum",1
"ῥυτήρ","defensator",1
"ῥυτήρ","habena",1
"ῥυτήρ","sotericianus",0
